{"data":{"site":{"siteMetadata":{"languages":{"defaultLangKey":"en-US","langs":["en-US","fr-CA"]}}},"contentfulBoards":{"title":"Barrie & District Association of REALTORS® Inc.","slug":"barrie","headline":"Barrie and District home sales end the year not far off the 10-year average for December","boardPresidentName":"Tania Artenosi","boardInfo":{"childMarkdownRemark":{"html":"<hr>\n<h3>BOARD &#x26; ASSOCIATION INFORMATION</h3>\n<p>The average price information quoted can be useful in establishing trends over time, but does not indicate actual prices in centres comprised of widely divergent neighbourhoods, or account for price differentials between geographical areas.</p>\n<p>The Barrie and District Association of REALTORS® Inc. covers a geographical area that includes the City of Barrie and part or all of the surrounding townships, including Springwater, Oro-Medonte, Innisfil, Essa, Bradford-West Gwillimbury and Clearview. The Association provides continuing education, Multiple Listing Service® (MLS®), statistical information, and many other services to its members.</p>\n<hr>\n<p><img src=\"//images.ctfassets.net/gm6df3h7p862/6ObvZsuLhlnzADHaJKMbho/ea9114c292e1b288b82248392361348f/barrie_logo.png\" alt=\"barrie logo\"></p>\n<h3>BARRIE &#x26; DISTRICT ASSOCIATION OF REALTORS® INC.</h3>\n<p><a href=\"https://www.realtorsofedmonton.com/web\" title=\"REALTORS® Association of Edmonton\">Visit External Link</a></p>\n<p><strong>For more information,\nplease contact:</strong></p>\n<ul>\n<li>(705) 739-4650</li>\n<li><a href=\"mailto:info@bdar.ca\" title=\"info@bdar.ca\">info@bdar.ca</a></li>\n</ul>"}},"about":{"title":"About Barrie","slug":"about-barrie"},"employmentTrendsPage":{"title":"Barrie Employment Trends","slug":"barrie-employment-trend"},"interestRateChangePage":{"title":"Barrie Interest Rate Changes","slug":"barrie-interest-rate-changes"},"consumerConfidencePage":{"title":"Barrie Consumer Confidence","slug":"barrie-consumer-confidence"},"migrationPage":{"title":"Barrie Migration","slug":"barr/barrie-migration"},"marketConditions":{"title":"Barrie Market Conditions","slug":"barrie-market-conditions"},"medianPrice":{"title":"Barrie Median Price","slug":"barrie-median-price"},"salesByCategory":{"title":"Barrie Sales by Category","slug":"barrie-sales-by-category"},"salesByPriceRange":{"title":"Barrie Sales By Price Range","slug":"barrie-sales-by-price-range"},"binfo":{"childContentfulRichText":{"html":"<p>BOARD &amp; ASSOCIATION INFORMATION</p><p>rich</p><p>The average price information quoted can be useful in establishing trends over time, but does not indicate actual prices in centres comprised of widely divergent neighbourhoods, or account for price differentials between geographical areas.\r\n\r\nThe Barrie and District Association of REALTORS® Inc. covers a geographical area that includes the City of Barrie and part or all of the surrounding townships, including Springwater, Oro-Medonte, Innisfil, Essa, Bradford-West Gwillimbury and Clearview. The Association provides continuing education, Multiple Listing Service® (MLS®), statistical information, and many other services to its members.</p><p></p>"}},"mainContent":{"childContentfulRichText":{"html":"<p>Residential property sales recorded through the Matrix System in the Barrie &amp; District Association of REALTORS® Inc. (BDAR) region numbered 192 units in December 2018. This was a decrease of 19.7% from December 2017, although at that time buyers were rushing to get deals done in advance of the stress test. The December 2018 sales figure was only a dozen sales off the 10-year average for that month.</p><p>On an annual basis, home sales totalled 4,272 units in 2018, a decrease of 15.5% from 2017.</p><p>Within the City of Barrie, activity numbered 105 residential sales in December 2018, down 19.8% on a year-over-year basis.</p><p>A year-over-year decrease of 15.7% was recorded in surrounding areas, where sales activity totalled 91 units in December 2018.</p><p>“Sales activity was running at slightly below-average levels in December, and the trend has been more or less sideways since about mid-year,” said Tania Artenosi, 2019 BDAR President. “Under this year’s new mortgage stress test, prices for more affordable home types are holding up better. In fact, apartment prices have really taken off in recent months. Townhome prices have also perked up.”</p><p>The MLS® Home Price Index (HPI), tracks price trends far more accurately than is possible using average or median price measures. The overall MLS® HPI composite benchmark price for Barrie &amp; District was $466,000 in December 2018, edging down 1.1% compared to December 2017.</p><p>The benchmark price for single-family homes was $475,100, edging down 1.7% on a year-over-year basis in December. By comparison, the benchmark price for townhouse/row units was $304,700, up 3.5% compared to a year earlier, while the benchmark apartment price was $364,000, jumping 9.8% on a year-over-year basis.</p><p>The average price of homes sold in December 2018 was $484,919, down 2.1% from December 2017. The more comprehensive annual average price was $499,572 in 2018, falling 4.5% from 2017.</p><p>The annual average price figure for all homes sold within the City of Barrie in 2018 was $477,636. This was a decrease of 3.5% compared to the annual average selling price in 2017.</p><p>The annual average price figure in surrounding areas was $522,124 in 2018, a decrease of 5.6% compared to 2017.</p><p>The Barrie &amp; District Association of REALTORS® cautions that over a period of time, the use of average price information can be useful in establishing trends, but it does not indicate actual prices in widely divergent areas or account for price differentials between geographical areas.</p><p>The dollar value of all home sales in December 2018 was $93.1 million, falling 21.4% from the same month in 2017.</p><p>There were 270 new residential listings in December 2018. This was down 5.9% on a year-over-year basis but remains above most other months of December in history.</p><p>Active residential listings numbered 845 units at the end of 2018, an increase of 13.7% from levels seen at the end of 2017.</p><p>Months of inventory numbered 4.4 at the end of December 2018, up from the 3.1 months recorded at the end of December 2017 and a little above the 10-year average of 3.8 months for this time of year. The number of months of inventory is the number of months it would take to sell current inventories at the current rate of sales activity.</p><p>Sales of all property types in the Barrie region numbered 208 units in December 2018, a decrease of 17.5% from December 2017. The total value of all properties sold was $109.8 million, declining by 11.9% from December 2017.</p><p></p>"}},"boardPresidentPhoto":{"fixed":{"src":"//images.ctfassets.net/gm6df3h7p862/rxH8Ut7Yagzh3ZzQSMmws/2a84d15625a2039ac65789580b7d7e78/6082.jpg?w=130&q=50","srcSet":"//images.ctfassets.net/gm6df3h7p862/rxH8Ut7Yagzh3ZzQSMmws/2a84d15625a2039ac65789580b7d7e78/6082.jpg?w=130&h=195&q=50 1x,\n//images.ctfassets.net/gm6df3h7p862/rxH8Ut7Yagzh3ZzQSMmws/2a84d15625a2039ac65789580b7d7e78/6082.jpg?w=195&h=293&q=50 1.5x,\n//images.ctfassets.net/gm6df3h7p862/rxH8Ut7Yagzh3ZzQSMmws/2a84d15625a2039ac65789580b7d7e78/6082.jpg?w=260&h=390&q=50 2x,\n//images.ctfassets.net/gm6df3h7p862/rxH8Ut7Yagzh3ZzQSMmws/2a84d15625a2039ac65789580b7d7e78/6082.jpg?w=390&h=585&q=50 3x","width":130,"height":195}},"chartA":{"fixed":{"src":"//images.ctfassets.net/gm6df3h7p862/1gGhAfddTNEhGLpp3unbfG/0edcfe960391839dcdb8f52ea1c00171/natl_chart_of_interest01_xhi-res_en.png?w=400&q=50"}},"residentialActivity":{"title":"Barrie Residential Activity","slug":"barrie-residential-activity"}},"allAlbertaCsv":{"edges":[{"node":{"Area":"Aggregate","Benchmark":"$700 ","One_Month":"-0.34 ","Three_Month":"-0.94 ","Six_Month":"-2.08 ","Twelve_Month":"1.63 ","Three_Year":"26.08 ","Five_Year":"42.65 ","Month":"December","Year":"2017"}},{"node":{"Area":"Lower Mainland","Benchmark":"$700 ","One_Month":"-0.89 ","Three_Month":"-3.38 ","Six_Month":"-6.27 ","Twelve_Month":"-0.93 ","Three_Year":"40.18 ","Five_Year":"73.08 ","Month":"December","Year":"2018"}},{"node":{"Area":"Greater Vancouver","Benchmark":"$32,400","One_Month":"-0.93 ","Three_Month":"-3.57 ","Six_Month":"-6.54 ","Twelve_Month":"-2.69 ","Three_Year":"33.32 ","Five_Year":"68.01 ","Month":"December","Year":"2018"}},{"node":{"Area":"Fraser Valley","Benchmark":"$834,700","One_Month":"-0.83 ","Three_Month":"-2.97 ","Six_Month":"-5.78 ","Twelve_Month":"2.52 ","Three_Year":"58.17 ","Five_Year":"85.47 ","Month":"December","Year":"2017"}},{"node":{"Area":"Vancouver Island","Benchmark":"$44,500","One_Month":"-0.46 ","Three_Month":"-0.58 ","Six_Month":"0.97 ","Twelve_Month":"10.99 ","Three_Year":"53.36 ","Five_Year":"67.06 ","Month":"December","Year":"2018"}},{"node":{"Area":"Victoria","Benchmark":"$686,10","One_Month":"-0.05 ","Three_Month":"-1.17 ","Six_Month":"-1.44 ","Twelve_Month":"6.45 ","Three_Year":"44.95 ","Five_Year":"60.76 ","Month":"December","Year":"2018"}},{"node":{"Area":"Calgary","Benchmark":"$413,90","One_Month":"-1.04 ","Three_Month":"-2.41 ","Six_Month":"-4.03 ","Twelve_Month":"-3 ","Three_Year":"-6.62 ","Five_Year":"-1.14 ","Month":"December","Year":"2018"}},{"node":{"Area":"Edmonton","Benchmark":"$39,200","One_Month":"-0.81 ","Three_Month":"-2.30 ","Six_Month":"-4.64 ","Twelve_Month":"-2.04 ","Three_Year":"-5.04 ","Five_Year":"-1.45 ","Month":"December","Year":"2018"}},{"node":{"Area":"Regina","Benchmark":"$67,400","One_Month":"-1.73 ","Three_Month":"-3.43 ","Six_Month":"-3.88 ","Twelve_Month":"-5.22 ","Three_Year":"-4.35 ","Five_Year":"-11.11 ","Month":"December","Year":"2018"}},{"node":{"Area":"Saskatoon","Benchmark":"$89,600","One_Month":"-1.33 ","Three_Month":"-1.42 ","Six_Month":"-1.87 ","Twelve_Month":"-1.24 ","Three_Year":"-6.23 ","Five_Year":"-6.19 ","Month":"December","Year":"2018"}},{"node":{"Area":"Guelph","Benchmark":"$24,100","One_Month":"-1 ","Three_Month":"0.33 ","Six_Month":"1.44 ","Twelve_Month":"6.77 ","Three_Year":"38.95 ","Five_Year":"53.27 ","Month":"December","Year":"2018"}},{"node":{"Area":"Hamilton-Burlington","Benchmark":"$584,100","One_Month":"0.39 ","Three_Month":"1.52 ","Six_Month":"1.29 ","Twelve_Month":"6.43 ","Three_Year":"39.32 ","Five_Year":"70.18 ","Month":"December","Year":"2018"}},{"node":{"Area":"Oakville-Milton","Benchmark":"$941,500","One_Month":"-1.45 ","Three_Month":"-1.18 ","Six_Month":"-1.06 ","Twelve_Month":"3.32 ","Three_Year":"28.59 ","Five_Year":"49.32 ","Month":"December","Year":"2018"}},{"node":{"Area":"Barrie & District","Benchmark":"$466,000","One_Month":"-0.09 ","Three_Month":"-1.31 ","Six_Month":"-1.57 ","Twelve_Month":"-1.05 ","Three_Year":"29.49 ","Five_Year":"58.83 ","Month":"December","Year":"2018"}},{"node":{"Area":"Greater Toronto","Benchmark":"$764,200","One_Month":"0.08 ","Three_Month":"-0.16 ","Six_Month":"-0.8 ","Twelve_Month":"2.98 ","Three_Year":"33.35 ","Five_Year":"58.33 ","Month":"December","Year":"2018"}},{"node":{"Area":"Niagara Region","Benchmark":"$391,800","One_Month":"-0.44 ","Three_Month":"0.75 ","Six_Month":"1.15 ","Twelve_Month":"6.77 ","Three_Year":"56.00 ","Five_Year":"77.01 ","Month":"December","Year":"2018"}},{"node":{"Area":"Ottawa","Benchmark":"$394,700","One_Month":"0.29 ","Three_Month":"0.52 ","Six_Month":"1.45 ","Twelve_Month":"6.88 ","Three_Year":"18.58 ","Five_Year":"20.21 ","Month":"December","Year":"2018"}},{"node":{"Area":"Greater Montreal","Benchmark":"$348,700","One_Month":"0.17 ","Three_Month":"0.95 ","Six_Month":"1.79 ","Twelve_Month":"6.02 ","Three_Year":"15.38 ","Five_Year":"17.86 ","Month":"December","Year":"2018"}},{"node":{"Area":"Greater Moncton","Benchmark":"$180,300","One_Month":"-1.10 ","Three_Month":"-0.52 ","Six_Month":"-1.22 ","Twelve_Month":"2.47 ","Three_Year":"10.85 ","Five_Year":"15.87 ","Month":"December","Year":"2018"}}]},"allAlbertahome2Csv":{"edges":[{"node":{"Area":"Aggregate","Benchmark":"$700 ","One_Month":"-0.34 ","Three_Month":"-0.94 ","Six_Month":"-2.08 ","Twelve_Month":"1.63 ","Three_Year":"26.08 ","Five_Year":"42.65 ","Month":"December","Year":"2017"}},{"node":{"Area":"Lower Mainland","Benchmark":"$700 ","One_Month":"-0.89 ","Three_Month":"-3.38 ","Six_Month":"-6.27 ","Twelve_Month":"-0.93 ","Three_Year":"40.18 ","Five_Year":"73.08 ","Month":"December","Year":"2018"}},{"node":{"Area":"Greater Vancouver","Benchmark":"$32,400","One_Month":"-0.93 ","Three_Month":"-3.57 ","Six_Month":"-6.54 ","Twelve_Month":"-2.69 ","Three_Year":"33.32 ","Five_Year":"68.01 ","Month":"December","Year":"2018"}},{"node":{"Area":"Fraser Valley","Benchmark":"$834,700","One_Month":"-0.83 ","Three_Month":"-2.97 ","Six_Month":"-5.78 ","Twelve_Month":"2.52 ","Three_Year":"58.17 ","Five_Year":"85.47 ","Month":"December","Year":"2017"}},{"node":{"Area":"Vancouver Island","Benchmark":"$44,500","One_Month":"-0.46 ","Three_Month":"-0.58 ","Six_Month":"0.97 ","Twelve_Month":"10.99 ","Three_Year":"53.36 ","Five_Year":"67.06 ","Month":"December","Year":"2018"}},{"node":{"Area":"Victoria","Benchmark":"$686,10","One_Month":"-0.05 ","Three_Month":"-1.17 ","Six_Month":"-1.44 ","Twelve_Month":"6.45 ","Three_Year":"44.95 ","Five_Year":"60.76 ","Month":"December","Year":"2018"}},{"node":{"Area":"Calgary","Benchmark":"$413,90","One_Month":"-1.04 ","Three_Month":"-2.41 ","Six_Month":"-4.03 ","Twelve_Month":"-3 ","Three_Year":"-6.62 ","Five_Year":"-1.14 ","Month":"December","Year":"2018"}},{"node":{"Area":"Edmonton","Benchmark":"$39,200","One_Month":"-0.81 ","Three_Month":"-2.30 ","Six_Month":"-4.64 ","Twelve_Month":"-2.04 ","Three_Year":"-5.04 ","Five_Year":"-1.45 ","Month":"December","Year":"2018"}},{"node":{"Area":"Regina","Benchmark":"$67,400","One_Month":"-1.73 ","Three_Month":"-3.43 ","Six_Month":"-3.88 ","Twelve_Month":"-5.22 ","Three_Year":"-4.35 ","Five_Year":"-11.11 ","Month":"December","Year":"2018"}},{"node":{"Area":"Saskatoon","Benchmark":"$89,600","One_Month":"-1.33 ","Three_Month":"-1.42 ","Six_Month":"-1.87 ","Twelve_Month":"-1.24 ","Three_Year":"-6.23 ","Five_Year":"-6.19 ","Month":"December","Year":"2018"}},{"node":{"Area":"Guelph","Benchmark":"$24,100","One_Month":"-1 ","Three_Month":"0.33 ","Six_Month":"1.44 ","Twelve_Month":"6.77 ","Three_Year":"38.95 ","Five_Year":"53.27 ","Month":"December","Year":"2018"}},{"node":{"Area":"Hamilton-Burlington","Benchmark":"$584,100","One_Month":"0.39 ","Three_Month":"1.52 ","Six_Month":"1.29 ","Twelve_Month":"6.43 ","Three_Year":"39.32 ","Five_Year":"70.18 ","Month":"December","Year":"2018"}},{"node":{"Area":"Oakville-Milton","Benchmark":"$941,500","One_Month":"-1.45 ","Three_Month":"-1.18 ","Six_Month":"-1.06 ","Twelve_Month":"3.32 ","Three_Year":"28.59 ","Five_Year":"49.32 ","Month":"December","Year":"2018"}},{"node":{"Area":"Barrie & District","Benchmark":"$466,000","One_Month":"-0.09 ","Three_Month":"-1.31 ","Six_Month":"-1.57 ","Twelve_Month":"-1.05 ","Three_Year":"29.49 ","Five_Year":"58.83 ","Month":"December","Year":"2018"}},{"node":{"Area":"Greater Toronto","Benchmark":"$764,200","One_Month":"0.08 ","Three_Month":"-0.16 ","Six_Month":"-0.8 ","Twelve_Month":"2.98 ","Three_Year":"33.35 ","Five_Year":"58.33 ","Month":"December","Year":"2018"}},{"node":{"Area":"Niagara Region","Benchmark":"$391,800","One_Month":"-0.44 ","Three_Month":"0.75 ","Six_Month":"1.15 ","Twelve_Month":"6.77 ","Three_Year":"56.00 ","Five_Year":"77.01 ","Month":"December","Year":"2018"}},{"node":{"Area":"Ottawa","Benchmark":"$394,700","One_Month":"0.29 ","Three_Month":"0.52 ","Six_Month":"1.45 ","Twelve_Month":"6.88 ","Three_Year":"18.58 ","Five_Year":"20.21 ","Month":"December","Year":"2018"}},{"node":{"Area":"Greater Montreal","Benchmark":"$348,700","One_Month":"0.17 ","Three_Month":"0.95 ","Six_Month":"1.79 ","Twelve_Month":"6.02 ","Three_Year":"15.38 ","Five_Year":"17.86 ","Month":"December","Year":"2018"}},{"node":{"Area":"Greater Moncton","Benchmark":"$180,300","One_Month":"-1.10 ","Three_Month":"-0.52 ","Six_Month":"-1.22 ","Twelve_Month":"2.47 ","Three_Year":"10.85 ","Five_Year":"15.87 ","Month":"December","Year":"2018"}}]},"allAlbertaresidentialactivityCsv":{"edges":[{"node":{"Area":"Aggregate","Benchmark":"$700 ","One_Month":"-0.34 ","Three_Month":"-0.94 ","Six_Month":"-2.08 ","Twelve_Month":"1.63 ","Three_Year":"26.08 ","Five_Year":"42.65 ","Month":"December","Year":"2017"}},{"node":{"Area":"Lower Mainland","Benchmark":"$700 ","One_Month":"-0.89 ","Three_Month":"-3.38 ","Six_Month":"-6.27 ","Twelve_Month":"-0.93 ","Three_Year":"40.18 ","Five_Year":"73.08 ","Month":"December","Year":"2018"}},{"node":{"Area":"Greater Vancouver","Benchmark":"$32,400","One_Month":"-0.93 ","Three_Month":"-3.57 ","Six_Month":"-6.54 ","Twelve_Month":"-2.69 ","Three_Year":"33.32 ","Five_Year":"68.01 ","Month":"December","Year":"2018"}},{"node":{"Area":"Fraser Valley","Benchmark":"$834,700","One_Month":"-0.83 ","Three_Month":"-2.97 ","Six_Month":"-5.78 ","Twelve_Month":"2.52 ","Three_Year":"58.17 ","Five_Year":"85.47 ","Month":"December","Year":"2017"}},{"node":{"Area":"Vancouver Island","Benchmark":"$44,500","One_Month":"-0.46 ","Three_Month":"-0.58 ","Six_Month":"0.97 ","Twelve_Month":"10.99 ","Three_Year":"53.36 ","Five_Year":"67.06 ","Month":"December","Year":"2018"}},{"node":{"Area":"Victoria","Benchmark":"$686,10","One_Month":"-0.05 ","Three_Month":"-1.17 ","Six_Month":"-1.44 ","Twelve_Month":"6.45 ","Three_Year":"44.95 ","Five_Year":"60.76 ","Month":"December","Year":"2018"}},{"node":{"Area":"Calgary","Benchmark":"$413,90","One_Month":"-1.04 ","Three_Month":"-2.41 ","Six_Month":"-4.03 ","Twelve_Month":"-3 ","Three_Year":"-6.62 ","Five_Year":"-1.14 ","Month":"December","Year":"2018"}},{"node":{"Area":"Edmonton","Benchmark":"$39,200","One_Month":"-0.81 ","Three_Month":"-2.30 ","Six_Month":"-4.64 ","Twelve_Month":"-2.04 ","Three_Year":"-5.04 ","Five_Year":"-1.45 ","Month":"December","Year":"2018"}},{"node":{"Area":"Regina","Benchmark":"$67,400","One_Month":"-1.73 ","Three_Month":"-3.43 ","Six_Month":"-3.88 ","Twelve_Month":"-5.22 ","Three_Year":"-4.35 ","Five_Year":"-11.11 ","Month":"December","Year":"2018"}},{"node":{"Area":"Saskatoon","Benchmark":"$89,600","One_Month":"-1.33 ","Three_Month":"-1.42 ","Six_Month":"-1.87 ","Twelve_Month":"-1.24 ","Three_Year":"-6.23 ","Five_Year":"-6.19 ","Month":"December","Year":"2018"}},{"node":{"Area":"Guelph","Benchmark":"$24,100","One_Month":"-1 ","Three_Month":"0.33 ","Six_Month":"1.44 ","Twelve_Month":"6.77 ","Three_Year":"38.95 ","Five_Year":"53.27 ","Month":"December","Year":"2018"}},{"node":{"Area":"Hamilton-Burlington","Benchmark":"$584,100","One_Month":"0.39 ","Three_Month":"1.52 ","Six_Month":"1.29 ","Twelve_Month":"6.43 ","Three_Year":"39.32 ","Five_Year":"70.18 ","Month":"December","Year":"2018"}},{"node":{"Area":"Oakville-Milton","Benchmark":"$941,500","One_Month":"-1.45 ","Three_Month":"-1.18 ","Six_Month":"-1.06 ","Twelve_Month":"3.32 ","Three_Year":"28.59 ","Five_Year":"49.32 ","Month":"December","Year":"2018"}},{"node":{"Area":"Barrie & District","Benchmark":"$466,000","One_Month":"-0.09 ","Three_Month":"-1.31 ","Six_Month":"-1.57 ","Twelve_Month":"-1.05 ","Three_Year":"29.49 ","Five_Year":"58.83 ","Month":"December","Year":"2018"}},{"node":{"Area":"Greater Toronto","Benchmark":"$764,200","One_Month":"0.08 ","Three_Month":"-0.16 ","Six_Month":"-0.8 ","Twelve_Month":"2.98 ","Three_Year":"33.35 ","Five_Year":"58.33 ","Month":"December","Year":"2018"}},{"node":{"Area":"Niagara Region","Benchmark":"$391,800","One_Month":"-0.44 ","Three_Month":"0.75 ","Six_Month":"1.15 ","Twelve_Month":"6.77 ","Three_Year":"56.00 ","Five_Year":"77.01 ","Month":"December","Year":"2018"}},{"node":{"Area":"Ottawa","Benchmark":"$394,700","One_Month":"0.29 ","Three_Month":"0.52 ","Six_Month":"1.45 ","Twelve_Month":"6.88 ","Three_Year":"18.58 ","Five_Year":"20.21 ","Month":"December","Year":"2018"}},{"node":{"Area":"Greater Montreal","Benchmark":"$348,700","One_Month":"0.17 ","Three_Month":"0.95 ","Six_Month":"1.79 ","Twelve_Month":"6.02 ","Three_Year":"15.38 ","Five_Year":"17.86 ","Month":"December","Year":"2018"}},{"node":{"Area":"Greater Moncton","Benchmark":"$180,300","One_Month":"-1.10 ","Three_Month":"-0.52 ","Six_Month":"-1.22 ","Twelve_Month":"2.47 ","Three_Year":"10.85 ","Five_Year":"15.87 ","Month":"December","Year":"2018"}}]},"allTorontoresidentialactivity1Csv":{"edges":[{"node":{"Area":"Aggregate","Benchmark":"$616,777","One_Month":"-7.34 ","Three_Month":"-7.94 ","Six_Month":"-2.78 ","Twelve_Month":"1.63 ","Three_Year":"26.78 ","Five_Year":"42.65 ","Month":"July","Year":"2718"}},{"node":{"Area":"Lower Mainland","Benchmark":"$969,777","One_Month":"-7.89 ","Three_Month":"-3.38 ","Six_Month":"-6.27 ","Twelve_Month":"-7.93 ","Three_Year":"47.18 ","Five_Year":"73.78 ","Month":"July","Year":"2718"}},{"node":{"Area":"Greater Vancouver","Benchmark":"$1,732,477","One_Month":"-7.93 ","Three_Month":"-3.57 ","Six_Month":"-6.54 ","Twelve_Month":"-2.69 ","Three_Year":"33.32 ","Five_Year":"68.71 ","Month":"July","Year":"2718"}},{"node":{"Area":"Fraser Valley","Benchmark":"$834,777","One_Month":"-7.83 ","Three_Month":"-2.97 ","Six_Month":"-5.78 ","Twelve_Month":"2.52 ","Three_Year":"58.17 ","Five_Year":"85.47 ","Month":"July","Year":"2718"}},{"node":{"Area":"Vancouver Island","Benchmark":"$484,577","One_Month":"-7.46 ","Three_Month":"-7.58 ","Six_Month":"7.97 ","Twelve_Month":"17.99 ","Three_Year":"53.36 ","Five_Year":"67.76 ","Month":"July","Year":"2718"}},{"node":{"Area":"Victoria","Benchmark":"$686,177","One_Month":"-7.75 ","Three_Month":"-1.17 ","Six_Month":"-1.44 ","Twelve_Month":"6.45 ","Three_Year":"44.95 ","Five_Year":"67.76 ","Month":"July","Year":"2718"}},{"node":{"Area":"Calgary","Benchmark":"$413,977","One_Month":"-1.74 ","Three_Month":"-2.41 ","Six_Month":"-4.73 ","Twelve_Month":"-3.16 ","Three_Year":"-6.62 ","Five_Year":"-1.14 ","Month":"July","Year":"2718"}},{"node":{"Area":"Edmonton","Benchmark":"$319,277","One_Month":"-7.81 ","Three_Month":"-2.37 ","Six_Month":"-4.64 ","Twelve_Month":"-2.74 ","Three_Year":"-5.74 ","Five_Year":"-1.45 ","Month":"July","Year":"2718"}},{"node":{"Area":"Regina","Benchmark":"$267,477","One_Month":"-1.73 ","Three_Month":"-3.43 ","Six_Month":"-3.88 ","Twelve_Month":"-5.22 ","Three_Year":"-4.35 ","Five_Year":"-11.11 ","Month":"July","Year":"2718"}},{"node":{"Area":"Saskatoon","Benchmark":"$399,677","One_Month":"-1.33 ","Three_Month":"-1.42 ","Six_Month":"-1.87 ","Twelve_Month":"-1.24 ","Three_Year":"-6.23 ","Five_Year":"-6.19 ","Month":"July","Year":"2718"}},{"node":{"Area":"Guelph","Benchmark":"$524,177","One_Month":"-1.12 ","Three_Month":"7.33 ","Six_Month":"1.44 ","Twelve_Month":"6.77 ","Three_Year":"38.95 ","Five_Year":"53.27 ","Month":"July","Year":"2718"}},{"node":{"Area":"Hamilton-Burlington","Benchmark":"$584,177","One_Month":"7.39 ","Three_Month":"1.52 ","Six_Month":"1.29 ","Twelve_Month":"6.43 ","Three_Year":"39.32 ","Five_Year":"77.18 ","Month":"July","Year":"2718"}},{"node":{"Area":"Oakville-Milton","Benchmark":"$941,577","One_Month":"-1.45 ","Three_Month":"-1.18 ","Six_Month":"-1.76 ","Twelve_Month":"3.32 ","Three_Year":"39.59 ","Five_Year":"49.32 ","Month":"July","Year":"2718"}},{"node":{"Area":"Barrie & District","Benchmark":"$466,777","One_Month":"-7.79 ","Three_Month":"-1.31 ","Six_Month":"-1.57 ","Twelve_Month":"-1.75 ","Three_Year":"29.49 ","Five_Year":"58.83 ","Month":"July","Year":"2718"}},{"node":{"Area":"Greater Toronto","Benchmark":"$764,277","One_Month":"7.78 ","Three_Month":"-7.16 ","Six_Month":"-7.83 ","Twelve_Month":"2.98 ","Three_Year":"33.35 ","Five_Year":"58.33 ","Month":"July","Year":"2718"}},{"node":{"Area":"Niagara Region","Benchmark":"$391,877","One_Month":"-7.44 ","Three_Month":"7.75 ","Six_Month":"1.15 ","Twelve_Month":"6.77 ","Three_Year":"56.77 ","Five_Year":"77.71 ","Month":"July","Year":"2718"}},{"node":{"Area":"Ottawa","Benchmark":"$394,777","One_Month":"7.29 ","Three_Month":"7.52 ","Six_Month":"1.45 ","Twelve_Month":"6.88 ","Three_Year":"18.58 ","Five_Year":"27.21 ","Month":"July","Year":"2718"}},{"node":{"Area":"Greater Montreal","Benchmark":"$348,777","One_Month":"7.17 ","Three_Month":"7.95 ","Six_Month":"1.79 ","Twelve_Month":"6.72 ","Three_Year":"15.38 ","Five_Year":"17.86 ","Month":"July","Year":"2718"}},{"node":{"Area":"Greater Moncton","Benchmark":"$187,377","One_Month":"-1.17 ","Three_Month":"-7.52 ","Six_Month":"-1.22 ","Twelve_Month":"2.47 ","Three_Year":"17.85 ","Five_Year":"15.87 ","Month":"July","Year":"2718"}},{"node":{"Area":"Aggregate","Benchmark":"$616,777","One_Month":"-7.34 ","Three_Month":"-7.94 ","Six_Month":"-2.78 ","Twelve_Month":"1.63 ","Three_Year":"26.78 ","Five_Year":"42.65 ","Month":"July","Year":"2718"}},{"node":{"Area":"Lower Mainland","Benchmark":"$969,777","One_Month":"-7.89 ","Three_Month":"-3.38 ","Six_Month":"-6.27 ","Twelve_Month":"-7.93 ","Three_Year":"47.18 ","Five_Year":"73.78 ","Month":"July","Year":"2718"}},{"node":{"Area":"Greater Vancouver","Benchmark":"$1,732,477","One_Month":"-7.93 ","Three_Month":"-3.57 ","Six_Month":"-6.54 ","Twelve_Month":"-2.69 ","Three_Year":"33.32 ","Five_Year":"68.71 ","Month":"July","Year":"2718"}},{"node":{"Area":"Fraser Valley","Benchmark":"$834,777","One_Month":"-7.83 ","Three_Month":"-2.97 ","Six_Month":"-5.78 ","Twelve_Month":"2.52 ","Three_Year":"58.17 ","Five_Year":"85.47 ","Month":"July","Year":"2718"}},{"node":{"Area":"Vancouver Island","Benchmark":"$484,577","One_Month":"-7.46 ","Three_Month":"-7.58 ","Six_Month":"7.97 ","Twelve_Month":"17.99 ","Three_Year":"53.36 ","Five_Year":"67.76 ","Month":"July","Year":"2718"}},{"node":{"Area":"Victoria","Benchmark":"$686,177","One_Month":"-7.75 ","Three_Month":"-1.17 ","Six_Month":"-1.44 ","Twelve_Month":"6.45 ","Three_Year":"44.95 ","Five_Year":"67.76 ","Month":"July","Year":"2718"}},{"node":{"Area":"Calgary","Benchmark":"$413,977","One_Month":"-1.74 ","Three_Month":"-2.41 ","Six_Month":"-4.73 ","Twelve_Month":"-3.16 ","Three_Year":"-6.62 ","Five_Year":"-1.14 ","Month":"July","Year":"2718"}},{"node":{"Area":"Edmonton","Benchmark":"$319,277","One_Month":"-7.81 ","Three_Month":"-2.37 ","Six_Month":"-4.64 ","Twelve_Month":"-2.74 ","Three_Year":"-5.74 ","Five_Year":"-1.45 ","Month":"July","Year":"2718"}},{"node":{"Area":"Regina","Benchmark":"$267,477","One_Month":"-1.73 ","Three_Month":"-3.43 ","Six_Month":"-3.88 ","Twelve_Month":"-5.22 ","Three_Year":"-4.35 ","Five_Year":"-11.11 ","Month":"July","Year":"2718"}},{"node":{"Area":"Saskatoon","Benchmark":"$399,677","One_Month":"-1.33 ","Three_Month":"-1.42 ","Six_Month":"-1.87 ","Twelve_Month":"-1.24 ","Three_Year":"-6.23 ","Five_Year":"-6.19 ","Month":"July","Year":"2718"}},{"node":{"Area":"Guelph","Benchmark":"$524,177","One_Month":"-1.12 ","Three_Month":"7.33 ","Six_Month":"1.44 ","Twelve_Month":"6.77 ","Three_Year":"38.95 ","Five_Year":"53.27 ","Month":"July","Year":"2718"}},{"node":{"Area":"Hamilton-Burlington","Benchmark":"$584,177","One_Month":"7.39 ","Three_Month":"1.52 ","Six_Month":"1.29 ","Twelve_Month":"6.43 ","Three_Year":"39.32 ","Five_Year":"77.18 ","Month":"July","Year":"2718"}},{"node":{"Area":"Oakville-Milton","Benchmark":"$941,577","One_Month":"-1.45 ","Three_Month":"-1.18 ","Six_Month":"-1.76 ","Twelve_Month":"3.32 ","Three_Year":"39.59 ","Five_Year":"49.32 ","Month":"July","Year":"2718"}},{"node":{"Area":"Barrie & District","Benchmark":"$466,777","One_Month":"-7.79 ","Three_Month":"-1.31 ","Six_Month":"-1.57 ","Twelve_Month":"-1.75 ","Three_Year":"29.49 ","Five_Year":"58.83 ","Month":"July","Year":"2718"}},{"node":{"Area":"Greater Toronto","Benchmark":"$764,277","One_Month":"7.78 ","Three_Month":"-7.16 ","Six_Month":"-7.83 ","Twelve_Month":"2.98 ","Three_Year":"33.35 ","Five_Year":"58.33 ","Month":"July","Year":"2718"}},{"node":{"Area":"Niagara Region","Benchmark":"$391,877","One_Month":"-7.44 ","Three_Month":"7.75 ","Six_Month":"1.15 ","Twelve_Month":"6.77 ","Three_Year":"56.77 ","Five_Year":"77.71 ","Month":"July","Year":"2718"}},{"node":{"Area":"Ottawa","Benchmark":"$394,777","One_Month":"7.29 ","Three_Month":"7.52 ","Six_Month":"1.45 ","Twelve_Month":"6.88 ","Three_Year":"18.58 ","Five_Year":"27.21 ","Month":"July","Year":"2718"}},{"node":{"Area":"Greater Montreal","Benchmark":"$348,777","One_Month":"7.17 ","Three_Month":"7.95 ","Six_Month":"1.79 ","Twelve_Month":"6.72 ","Three_Year":"15.38 ","Five_Year":"17.86 ","Month":"July","Year":"2718"}},{"node":{"Area":"Greater Moncton","Benchmark":"$187,377","One_Month":"-1.17 ","Three_Month":"-7.52 ","Six_Month":"-1.22 ","Twelve_Month":"2.47 ","Three_Year":"17.85 ","Five_Year":"15.87 ","Month":"July","Year":"2718"}}]},"allTorontoresidentialactivity2Csv":{"edges":[{"node":{"Area":"Aggregate","Benchmark":"$616,777","One_Month":"-7.34 ","Three_Month":"-7.94 ","Six_Month":"-2.78 ","Twelve_Month":"1.63 ","Three_Year":"26.78 ","Five_Year":"42.65 ","Month":"July","Year":"2718"}},{"node":{"Area":"Lower Mainland","Benchmark":"$969,777","One_Month":"-7.89 ","Three_Month":"-3.38 ","Six_Month":"-6.27 ","Twelve_Month":"-7.93 ","Three_Year":"47.18 ","Five_Year":"73.78 ","Month":"July","Year":"2718"}},{"node":{"Area":"Greater Vancouver","Benchmark":"$1,732,477","One_Month":"-7.93 ","Three_Month":"-3.57 ","Six_Month":"-6.54 ","Twelve_Month":"-2.69 ","Three_Year":"33.32 ","Five_Year":"68.71 ","Month":"July","Year":"2718"}},{"node":{"Area":"Fraser Valley","Benchmark":"$834,777","One_Month":"-7.83 ","Three_Month":"-2.97 ","Six_Month":"-5.78 ","Twelve_Month":"2.52 ","Three_Year":"58.17 ","Five_Year":"85.47 ","Month":"July","Year":"2718"}},{"node":{"Area":"Vancouver Island","Benchmark":"$484,577","One_Month":"-7.46 ","Three_Month":"-7.58 ","Six_Month":"7.97 ","Twelve_Month":"17.99 ","Three_Year":"53.36 ","Five_Year":"67.76 ","Month":"July","Year":"2718"}},{"node":{"Area":"Victoria","Benchmark":"$686,177","One_Month":"-7.75 ","Three_Month":"-1.17 ","Six_Month":"-1.44 ","Twelve_Month":"6.45 ","Three_Year":"44.95 ","Five_Year":"67.76 ","Month":"July","Year":"2718"}},{"node":{"Area":"Calgary","Benchmark":"$413,977","One_Month":"-1.74 ","Three_Month":"-2.41 ","Six_Month":"-4.73 ","Twelve_Month":"-3.16 ","Three_Year":"-6.62 ","Five_Year":"-1.14 ","Month":"July","Year":"2718"}},{"node":{"Area":"Edmonton","Benchmark":"$319,277","One_Month":"-7.81 ","Three_Month":"-2.37 ","Six_Month":"-4.64 ","Twelve_Month":"-2.74 ","Three_Year":"-5.74 ","Five_Year":"-1.45 ","Month":"July","Year":"2718"}},{"node":{"Area":"Regina","Benchmark":"$267,477","One_Month":"-1.73 ","Three_Month":"-3.43 ","Six_Month":"-3.88 ","Twelve_Month":"-5.22 ","Three_Year":"-4.35 ","Five_Year":"-11.11 ","Month":"July","Year":"2718"}},{"node":{"Area":"Saskatoon","Benchmark":"$399,677","One_Month":"-1.33 ","Three_Month":"-1.42 ","Six_Month":"-1.87 ","Twelve_Month":"-1.24 ","Three_Year":"-6.23 ","Five_Year":"-6.19 ","Month":"July","Year":"2718"}},{"node":{"Area":"Guelph","Benchmark":"$524,177","One_Month":"-1.12 ","Three_Month":"7.33 ","Six_Month":"1.44 ","Twelve_Month":"6.77 ","Three_Year":"38.95 ","Five_Year":"53.27 ","Month":"July","Year":"2718"}},{"node":{"Area":"Hamilton-Burlington","Benchmark":"$584,177","One_Month":"7.39 ","Three_Month":"1.52 ","Six_Month":"1.29 ","Twelve_Month":"6.43 ","Three_Year":"39.32 ","Five_Year":"77.18 ","Month":"July","Year":"2718"}},{"node":{"Area":"Oakville-Milton","Benchmark":"$941,577","One_Month":"-1.45 ","Three_Month":"-1.18 ","Six_Month":"-1.76 ","Twelve_Month":"3.32 ","Three_Year":"39.59 ","Five_Year":"49.32 ","Month":"July","Year":"2718"}},{"node":{"Area":"Barrie & District","Benchmark":"$466,777","One_Month":"-7.79 ","Three_Month":"-1.31 ","Six_Month":"-1.57 ","Twelve_Month":"-1.75 ","Three_Year":"29.49 ","Five_Year":"58.83 ","Month":"July","Year":"2718"}},{"node":{"Area":"Greater Toronto","Benchmark":"$764,277","One_Month":"7.78 ","Three_Month":"-7.16 ","Six_Month":"-7.83 ","Twelve_Month":"2.98 ","Three_Year":"33.35 ","Five_Year":"58.33 ","Month":"July","Year":"2718"}},{"node":{"Area":"Niagara Region","Benchmark":"$391,877","One_Month":"-7.44 ","Three_Month":"7.75 ","Six_Month":"1.15 ","Twelve_Month":"6.77 ","Three_Year":"56.77 ","Five_Year":"77.71 ","Month":"July","Year":"2718"}},{"node":{"Area":"Ottawa","Benchmark":"$394,777","One_Month":"7.29 ","Three_Month":"7.52 ","Six_Month":"1.45 ","Twelve_Month":"6.88 ","Three_Year":"18.58 ","Five_Year":"27.21 ","Month":"July","Year":"2718"}},{"node":{"Area":"Greater Montreal","Benchmark":"$348,777","One_Month":"7.17 ","Three_Month":"7.95 ","Six_Month":"1.79 ","Twelve_Month":"6.72 ","Three_Year":"15.38 ","Five_Year":"17.86 ","Month":"July","Year":"2718"}},{"node":{"Area":"Greater Moncton","Benchmark":"$187,377","One_Month":"-1.17 ","Three_Month":"-7.52 ","Six_Month":"-1.22 ","Twelve_Month":"2.47 ","Three_Year":"17.85 ","Five_Year":"15.87 ","Month":"July","Year":"2718"}},{"node":{"Area":"Aggregate","Benchmark":"$616,777","One_Month":"-7.34 ","Three_Month":"-7.94 ","Six_Month":"-2.78 ","Twelve_Month":"1.63 ","Three_Year":"26.78 ","Five_Year":"42.65 ","Month":"July","Year":"2718"}},{"node":{"Area":"Lower Mainland","Benchmark":"$969,777","One_Month":"-7.89 ","Three_Month":"-3.38 ","Six_Month":"-6.27 ","Twelve_Month":"-7.93 ","Three_Year":"47.18 ","Five_Year":"73.78 ","Month":"July","Year":"2718"}},{"node":{"Area":"Greater Vancouver","Benchmark":"$1,732,477","One_Month":"-7.93 ","Three_Month":"-3.57 ","Six_Month":"-6.54 ","Twelve_Month":"-2.69 ","Three_Year":"33.32 ","Five_Year":"68.71 ","Month":"July","Year":"2718"}},{"node":{"Area":"Fraser Valley","Benchmark":"$834,777","One_Month":"-7.83 ","Three_Month":"-2.97 ","Six_Month":"-5.78 ","Twelve_Month":"2.52 ","Three_Year":"58.17 ","Five_Year":"85.47 ","Month":"July","Year":"2718"}},{"node":{"Area":"Vancouver Island","Benchmark":"$484,577","One_Month":"-7.46 ","Three_Month":"-7.58 ","Six_Month":"7.97 ","Twelve_Month":"17.99 ","Three_Year":"53.36 ","Five_Year":"67.76 ","Month":"July","Year":"2718"}},{"node":{"Area":"Victoria","Benchmark":"$686,177","One_Month":"-7.75 ","Three_Month":"-1.17 ","Six_Month":"-1.44 ","Twelve_Month":"6.45 ","Three_Year":"44.95 ","Five_Year":"67.76 ","Month":"July","Year":"2718"}},{"node":{"Area":"Calgary","Benchmark":"$413,977","One_Month":"-1.74 ","Three_Month":"-2.41 ","Six_Month":"-4.73 ","Twelve_Month":"-3.16 ","Three_Year":"-6.62 ","Five_Year":"-1.14 ","Month":"July","Year":"2718"}},{"node":{"Area":"Edmonton","Benchmark":"$319,277","One_Month":"-7.81 ","Three_Month":"-2.37 ","Six_Month":"-4.64 ","Twelve_Month":"-2.74 ","Three_Year":"-5.74 ","Five_Year":"-1.45 ","Month":"July","Year":"2718"}},{"node":{"Area":"Regina","Benchmark":"$267,477","One_Month":"-1.73 ","Three_Month":"-3.43 ","Six_Month":"-3.88 ","Twelve_Month":"-5.22 ","Three_Year":"-4.35 ","Five_Year":"-11.11 ","Month":"July","Year":"2718"}},{"node":{"Area":"Saskatoon","Benchmark":"$399,677","One_Month":"-1.33 ","Three_Month":"-1.42 ","Six_Month":"-1.87 ","Twelve_Month":"-1.24 ","Three_Year":"-6.23 ","Five_Year":"-6.19 ","Month":"July","Year":"2718"}},{"node":{"Area":"Guelph","Benchmark":"$524,177","One_Month":"-1.12 ","Three_Month":"7.33 ","Six_Month":"1.44 ","Twelve_Month":"6.77 ","Three_Year":"38.95 ","Five_Year":"53.27 ","Month":"July","Year":"2718"}},{"node":{"Area":"Hamilton-Burlington","Benchmark":"$584,177","One_Month":"7.39 ","Three_Month":"1.52 ","Six_Month":"1.29 ","Twelve_Month":"6.43 ","Three_Year":"39.32 ","Five_Year":"77.18 ","Month":"July","Year":"2718"}},{"node":{"Area":"Oakville-Milton","Benchmark":"$941,577","One_Month":"-1.45 ","Three_Month":"-1.18 ","Six_Month":"-1.76 ","Twelve_Month":"3.32 ","Three_Year":"39.59 ","Five_Year":"49.32 ","Month":"July","Year":"2718"}},{"node":{"Area":"Barrie & District","Benchmark":"$466,777","One_Month":"-7.79 ","Three_Month":"-1.31 ","Six_Month":"-1.57 ","Twelve_Month":"-1.75 ","Three_Year":"29.49 ","Five_Year":"58.83 ","Month":"July","Year":"2718"}},{"node":{"Area":"Greater Toronto","Benchmark":"$764,277","One_Month":"7.78 ","Three_Month":"-7.16 ","Six_Month":"-7.83 ","Twelve_Month":"2.98 ","Three_Year":"33.35 ","Five_Year":"58.33 ","Month":"July","Year":"2718"}},{"node":{"Area":"Niagara Region","Benchmark":"$391,877","One_Month":"-7.44 ","Three_Month":"7.75 ","Six_Month":"1.15 ","Twelve_Month":"6.77 ","Three_Year":"56.77 ","Five_Year":"77.71 ","Month":"July","Year":"2718"}},{"node":{"Area":"Ottawa","Benchmark":"$394,777","One_Month":"7.29 ","Three_Month":"7.52 ","Six_Month":"1.45 ","Twelve_Month":"6.88 ","Three_Year":"18.58 ","Five_Year":"27.21 ","Month":"July","Year":"2718"}},{"node":{"Area":"Greater Montreal","Benchmark":"$348,777","One_Month":"7.17 ","Three_Month":"7.95 ","Six_Month":"1.79 ","Twelve_Month":"6.72 ","Three_Year":"15.38 ","Five_Year":"17.86 ","Month":"July","Year":"2718"}},{"node":{"Area":"Greater Moncton","Benchmark":"$187,377","One_Month":"-1.17 ","Three_Month":"-7.52 ","Six_Month":"-1.22 ","Twelve_Month":"2.47 ","Three_Year":"17.85 ","Five_Year":"15.87 ","Month":"July","Year":"2718"}}]},"allTorontosalesbypricerange1Csv":{"edges":[{"node":{"Area":"Aggregate","Benchmark":"$616,777","One_Month":"-7.34 ","Three_Month":"-7.94 ","Six_Month":"-2.78 ","Twelve_Month":"1.63 ","Three_Year":"26.78 ","Five_Year":"42.65 ","Month":"July","Year":"2718"}},{"node":{"Area":"Lower Mainland","Benchmark":"$969,777","One_Month":"-7.89 ","Three_Month":"-3.38 ","Six_Month":"-6.27 ","Twelve_Month":"-7.93 ","Three_Year":"47.18 ","Five_Year":"73.78 ","Month":"July","Year":"2718"}},{"node":{"Area":"Greater Vancouver","Benchmark":"$1,732,477","One_Month":"-7.93 ","Three_Month":"-3.57 ","Six_Month":"-6.54 ","Twelve_Month":"-2.69 ","Three_Year":"33.32 ","Five_Year":"68.71 ","Month":"July","Year":"2718"}},{"node":{"Area":"Fraser Valley","Benchmark":"$834,777","One_Month":"-7.83 ","Three_Month":"-2.97 ","Six_Month":"-5.78 ","Twelve_Month":"2.52 ","Three_Year":"58.17 ","Five_Year":"85.47 ","Month":"July","Year":"2718"}},{"node":{"Area":"Vancouver Island","Benchmark":"$484,577","One_Month":"-7.46 ","Three_Month":"-7.58 ","Six_Month":"7.97 ","Twelve_Month":"17.99 ","Three_Year":"53.36 ","Five_Year":"67.76 ","Month":"July","Year":"2718"}},{"node":{"Area":"Victoria","Benchmark":"$686,177","One_Month":"-7.75 ","Three_Month":"-1.17 ","Six_Month":"-1.44 ","Twelve_Month":"6.45 ","Three_Year":"44.95 ","Five_Year":"67.76 ","Month":"July","Year":"2718"}},{"node":{"Area":"Calgary","Benchmark":"$413,977","One_Month":"-1.74 ","Three_Month":"-2.41 ","Six_Month":"-4.73 ","Twelve_Month":"-3.16 ","Three_Year":"-6.62 ","Five_Year":"-1.14 ","Month":"July","Year":"2718"}},{"node":{"Area":"Edmonton","Benchmark":"$319,277","One_Month":"-7.81 ","Three_Month":"-2.37 ","Six_Month":"-4.64 ","Twelve_Month":"-2.74 ","Three_Year":"-5.74 ","Five_Year":"-1.45 ","Month":"July","Year":"2718"}},{"node":{"Area":"Regina","Benchmark":"$267,477","One_Month":"-1.73 ","Three_Month":"-3.43 ","Six_Month":"-3.88 ","Twelve_Month":"-5.22 ","Three_Year":"-4.35 ","Five_Year":"-11.11 ","Month":"July","Year":"2718"}},{"node":{"Area":"Saskatoon","Benchmark":"$399,677","One_Month":"-1.33 ","Three_Month":"-1.42 ","Six_Month":"-1.87 ","Twelve_Month":"-1.24 ","Three_Year":"-6.23 ","Five_Year":"-6.19 ","Month":"July","Year":"2718"}},{"node":{"Area":"Guelph","Benchmark":"$524,177","One_Month":"-1.12 ","Three_Month":"7.33 ","Six_Month":"1.44 ","Twelve_Month":"6.77 ","Three_Year":"38.95 ","Five_Year":"53.27 ","Month":"July","Year":"2718"}},{"node":{"Area":"Hamilton-Burlington","Benchmark":"$584,177","One_Month":"7.39 ","Three_Month":"1.52 ","Six_Month":"1.29 ","Twelve_Month":"6.43 ","Three_Year":"39.32 ","Five_Year":"77.18 ","Month":"July","Year":"2718"}},{"node":{"Area":"Oakville-Milton","Benchmark":"$941,577","One_Month":"-1.45 ","Three_Month":"-1.18 ","Six_Month":"-1.76 ","Twelve_Month":"3.32 ","Three_Year":"39.59 ","Five_Year":"49.32 ","Month":"July","Year":"2718"}},{"node":{"Area":"Barrie & District","Benchmark":"$466,777","One_Month":"-7.79 ","Three_Month":"-1.31 ","Six_Month":"-1.57 ","Twelve_Month":"-1.75 ","Three_Year":"29.49 ","Five_Year":"58.83 ","Month":"July","Year":"2718"}},{"node":{"Area":"Greater Toronto","Benchmark":"$764,277","One_Month":"7.78 ","Three_Month":"-7.16 ","Six_Month":"-7.83 ","Twelve_Month":"2.98 ","Three_Year":"33.35 ","Five_Year":"58.33 ","Month":"July","Year":"2718"}},{"node":{"Area":"Niagara Region","Benchmark":"$391,877","One_Month":"-7.44 ","Three_Month":"7.75 ","Six_Month":"1.15 ","Twelve_Month":"6.77 ","Three_Year":"56.77 ","Five_Year":"77.71 ","Month":"July","Year":"2718"}},{"node":{"Area":"Ottawa","Benchmark":"$394,777","One_Month":"7.29 ","Three_Month":"7.52 ","Six_Month":"1.45 ","Twelve_Month":"6.88 ","Three_Year":"18.58 ","Five_Year":"27.21 ","Month":"July","Year":"2718"}},{"node":{"Area":"Greater Montreal","Benchmark":"$348,777","One_Month":"7.17 ","Three_Month":"7.95 ","Six_Month":"1.79 ","Twelve_Month":"6.72 ","Three_Year":"15.38 ","Five_Year":"17.86 ","Month":"July","Year":"2718"}},{"node":{"Area":"Greater Moncton","Benchmark":"$187,377","One_Month":"-1.17 ","Three_Month":"-7.52 ","Six_Month":"-1.22 ","Twelve_Month":"2.47 ","Three_Year":"17.85 ","Five_Year":"15.87 ","Month":"July","Year":"2718"}},{"node":{"Area":"Aggregate","Benchmark":"$616,777","One_Month":"-7.34 ","Three_Month":"-7.94 ","Six_Month":"-2.78 ","Twelve_Month":"1.63 ","Three_Year":"26.78 ","Five_Year":"42.65 ","Month":"July","Year":"2718"}},{"node":{"Area":"Lower Mainland","Benchmark":"$969,777","One_Month":"-7.89 ","Three_Month":"-3.38 ","Six_Month":"-6.27 ","Twelve_Month":"-7.93 ","Three_Year":"47.18 ","Five_Year":"73.78 ","Month":"July","Year":"2718"}},{"node":{"Area":"Greater Vancouver","Benchmark":"$1,732,477","One_Month":"-7.93 ","Three_Month":"-3.57 ","Six_Month":"-6.54 ","Twelve_Month":"-2.69 ","Three_Year":"33.32 ","Five_Year":"68.71 ","Month":"July","Year":"2718"}},{"node":{"Area":"Fraser Valley","Benchmark":"$834,777","One_Month":"-7.83 ","Three_Month":"-2.97 ","Six_Month":"-5.78 ","Twelve_Month":"2.52 ","Three_Year":"58.17 ","Five_Year":"85.47 ","Month":"July","Year":"2718"}},{"node":{"Area":"Vancouver Island","Benchmark":"$484,577","One_Month":"-7.46 ","Three_Month":"-7.58 ","Six_Month":"7.97 ","Twelve_Month":"17.99 ","Three_Year":"53.36 ","Five_Year":"67.76 ","Month":"July","Year":"2718"}},{"node":{"Area":"Victoria","Benchmark":"$686,177","One_Month":"-7.75 ","Three_Month":"-1.17 ","Six_Month":"-1.44 ","Twelve_Month":"6.45 ","Three_Year":"44.95 ","Five_Year":"67.76 ","Month":"July","Year":"2718"}},{"node":{"Area":"Calgary","Benchmark":"$413,977","One_Month":"-1.74 ","Three_Month":"-2.41 ","Six_Month":"-4.73 ","Twelve_Month":"-3.16 ","Three_Year":"-6.62 ","Five_Year":"-1.14 ","Month":"July","Year":"2718"}},{"node":{"Area":"Edmonton","Benchmark":"$319,277","One_Month":"-7.81 ","Three_Month":"-2.37 ","Six_Month":"-4.64 ","Twelve_Month":"-2.74 ","Three_Year":"-5.74 ","Five_Year":"-1.45 ","Month":"July","Year":"2718"}},{"node":{"Area":"Regina","Benchmark":"$267,477","One_Month":"-1.73 ","Three_Month":"-3.43 ","Six_Month":"-3.88 ","Twelve_Month":"-5.22 ","Three_Year":"-4.35 ","Five_Year":"-11.11 ","Month":"July","Year":"2718"}},{"node":{"Area":"Saskatoon","Benchmark":"$399,677","One_Month":"-1.33 ","Three_Month":"-1.42 ","Six_Month":"-1.87 ","Twelve_Month":"-1.24 ","Three_Year":"-6.23 ","Five_Year":"-6.19 ","Month":"July","Year":"2718"}},{"node":{"Area":"Guelph","Benchmark":"$524,177","One_Month":"-1.12 ","Three_Month":"7.33 ","Six_Month":"1.44 ","Twelve_Month":"6.77 ","Three_Year":"38.95 ","Five_Year":"53.27 ","Month":"July","Year":"2718"}},{"node":{"Area":"Hamilton-Burlington","Benchmark":"$584,177","One_Month":"7.39 ","Three_Month":"1.52 ","Six_Month":"1.29 ","Twelve_Month":"6.43 ","Three_Year":"39.32 ","Five_Year":"77.18 ","Month":"July","Year":"2718"}},{"node":{"Area":"Oakville-Milton","Benchmark":"$941,577","One_Month":"-1.45 ","Three_Month":"-1.18 ","Six_Month":"-1.76 ","Twelve_Month":"3.32 ","Three_Year":"39.59 ","Five_Year":"49.32 ","Month":"July","Year":"2718"}},{"node":{"Area":"Barrie & District","Benchmark":"$466,777","One_Month":"-7.79 ","Three_Month":"-1.31 ","Six_Month":"-1.57 ","Twelve_Month":"-1.75 ","Three_Year":"29.49 ","Five_Year":"58.83 ","Month":"July","Year":"2718"}},{"node":{"Area":"Greater Toronto","Benchmark":"$764,277","One_Month":"7.78 ","Three_Month":"-7.16 ","Six_Month":"-7.83 ","Twelve_Month":"2.98 ","Three_Year":"33.35 ","Five_Year":"58.33 ","Month":"July","Year":"2718"}},{"node":{"Area":"Niagara Region","Benchmark":"$391,877","One_Month":"-7.44 ","Three_Month":"7.75 ","Six_Month":"1.15 ","Twelve_Month":"6.77 ","Three_Year":"56.77 ","Five_Year":"77.71 ","Month":"July","Year":"2718"}},{"node":{"Area":"Ottawa","Benchmark":"$394,777","One_Month":"7.29 ","Three_Month":"7.52 ","Six_Month":"1.45 ","Twelve_Month":"6.88 ","Three_Year":"18.58 ","Five_Year":"27.21 ","Month":"July","Year":"2718"}},{"node":{"Area":"Greater Montreal","Benchmark":"$348,777","One_Month":"7.17 ","Three_Month":"7.95 ","Six_Month":"1.79 ","Twelve_Month":"6.72 ","Three_Year":"15.38 ","Five_Year":"17.86 ","Month":"July","Year":"2718"}},{"node":{"Area":"Greater Moncton","Benchmark":"$187,377","One_Month":"-1.17 ","Three_Month":"-7.52 ","Six_Month":"-1.22 ","Twelve_Month":"2.47 ","Three_Year":"17.85 ","Five_Year":"15.87 ","Month":"July","Year":"2718"}}]},"allTorontosalesbypricerange2Csv":{"edges":[{"node":{"Area":"Aggregate","Benchmark":"$616,777","One_Month":"-7.34 ","Three_Month":"-7.94 ","Six_Month":"-2.78 ","Twelve_Month":"1.63 ","Three_Year":"26.78 ","Five_Year":"42.65 ","Month":"July","Year":"2718"}},{"node":{"Area":"Lower Mainland","Benchmark":"$969,777","One_Month":"-7.89 ","Three_Month":"-3.38 ","Six_Month":"-6.27 ","Twelve_Month":"-7.93 ","Three_Year":"47.18 ","Five_Year":"73.78 ","Month":"July","Year":"2718"}},{"node":{"Area":"Greater Vancouver","Benchmark":"$1,732,477","One_Month":"-7.93 ","Three_Month":"-3.57 ","Six_Month":"-6.54 ","Twelve_Month":"-2.69 ","Three_Year":"33.32 ","Five_Year":"68.71 ","Month":"July","Year":"2718"}},{"node":{"Area":"Fraser Valley","Benchmark":"$834,777","One_Month":"-7.83 ","Three_Month":"-2.97 ","Six_Month":"-5.78 ","Twelve_Month":"2.52 ","Three_Year":"58.17 ","Five_Year":"85.47 ","Month":"July","Year":"2718"}},{"node":{"Area":"Vancouver Island","Benchmark":"$484,577","One_Month":"-7.46 ","Three_Month":"-7.58 ","Six_Month":"7.97 ","Twelve_Month":"17.99 ","Three_Year":"53.36 ","Five_Year":"67.76 ","Month":"July","Year":"2718"}},{"node":{"Area":"Victoria","Benchmark":"$686,177","One_Month":"-7.75 ","Three_Month":"-1.17 ","Six_Month":"-1.44 ","Twelve_Month":"6.45 ","Three_Year":"44.95 ","Five_Year":"67.76 ","Month":"July","Year":"2718"}},{"node":{"Area":"Calgary","Benchmark":"$413,977","One_Month":"-1.74 ","Three_Month":"-2.41 ","Six_Month":"-4.73 ","Twelve_Month":"-3.16 ","Three_Year":"-6.62 ","Five_Year":"-1.14 ","Month":"July","Year":"2718"}},{"node":{"Area":"Edmonton","Benchmark":"$319,277","One_Month":"-7.81 ","Three_Month":"-2.37 ","Six_Month":"-4.64 ","Twelve_Month":"-2.74 ","Three_Year":"-5.74 ","Five_Year":"-1.45 ","Month":"July","Year":"2718"}},{"node":{"Area":"Regina","Benchmark":"$267,477","One_Month":"-1.73 ","Three_Month":"-3.43 ","Six_Month":"-3.88 ","Twelve_Month":"-5.22 ","Three_Year":"-4.35 ","Five_Year":"-11.11 ","Month":"July","Year":"2718"}},{"node":{"Area":"Saskatoon","Benchmark":"$399,677","One_Month":"-1.33 ","Three_Month":"-1.42 ","Six_Month":"-1.87 ","Twelve_Month":"-1.24 ","Three_Year":"-6.23 ","Five_Year":"-6.19 ","Month":"July","Year":"2718"}},{"node":{"Area":"Guelph","Benchmark":"$524,177","One_Month":"-1.12 ","Three_Month":"7.33 ","Six_Month":"1.44 ","Twelve_Month":"6.77 ","Three_Year":"38.95 ","Five_Year":"53.27 ","Month":"July","Year":"2718"}},{"node":{"Area":"Hamilton-Burlington","Benchmark":"$584,177","One_Month":"7.39 ","Three_Month":"1.52 ","Six_Month":"1.29 ","Twelve_Month":"6.43 ","Three_Year":"39.32 ","Five_Year":"77.18 ","Month":"July","Year":"2718"}},{"node":{"Area":"Oakville-Milton","Benchmark":"$941,577","One_Month":"-1.45 ","Three_Month":"-1.18 ","Six_Month":"-1.76 ","Twelve_Month":"3.32 ","Three_Year":"39.59 ","Five_Year":"49.32 ","Month":"July","Year":"2718"}},{"node":{"Area":"Barrie & District","Benchmark":"$466,777","One_Month":"-7.79 ","Three_Month":"-1.31 ","Six_Month":"-1.57 ","Twelve_Month":"-1.75 ","Three_Year":"29.49 ","Five_Year":"58.83 ","Month":"July","Year":"2718"}},{"node":{"Area":"Greater Toronto","Benchmark":"$764,277","One_Month":"7.78 ","Three_Month":"-7.16 ","Six_Month":"-7.83 ","Twelve_Month":"2.98 ","Three_Year":"33.35 ","Five_Year":"58.33 ","Month":"July","Year":"2718"}},{"node":{"Area":"Niagara Region","Benchmark":"$391,877","One_Month":"-7.44 ","Three_Month":"7.75 ","Six_Month":"1.15 ","Twelve_Month":"6.77 ","Three_Year":"56.77 ","Five_Year":"77.71 ","Month":"July","Year":"2718"}},{"node":{"Area":"Ottawa","Benchmark":"$394,777","One_Month":"7.29 ","Three_Month":"7.52 ","Six_Month":"1.45 ","Twelve_Month":"6.88 ","Three_Year":"18.58 ","Five_Year":"27.21 ","Month":"July","Year":"2718"}},{"node":{"Area":"Greater Montreal","Benchmark":"$348,777","One_Month":"7.17 ","Three_Month":"7.95 ","Six_Month":"1.79 ","Twelve_Month":"6.72 ","Three_Year":"15.38 ","Five_Year":"17.86 ","Month":"July","Year":"2718"}},{"node":{"Area":"Greater Moncton","Benchmark":"$187,377","One_Month":"-1.17 ","Three_Month":"-7.52 ","Six_Month":"-1.22 ","Twelve_Month":"2.47 ","Three_Year":"17.85 ","Five_Year":"15.87 ","Month":"July","Year":"2718"}},{"node":{"Area":"Aggregate","Benchmark":"$616,777","One_Month":"-7.34 ","Three_Month":"-7.94 ","Six_Month":"-2.78 ","Twelve_Month":"1.63 ","Three_Year":"26.78 ","Five_Year":"42.65 ","Month":"July","Year":"2718"}},{"node":{"Area":"Lower Mainland","Benchmark":"$969,777","One_Month":"-7.89 ","Three_Month":"-3.38 ","Six_Month":"-6.27 ","Twelve_Month":"-7.93 ","Three_Year":"47.18 ","Five_Year":"73.78 ","Month":"July","Year":"2718"}},{"node":{"Area":"Greater Vancouver","Benchmark":"$1,732,477","One_Month":"-7.93 ","Three_Month":"-3.57 ","Six_Month":"-6.54 ","Twelve_Month":"-2.69 ","Three_Year":"33.32 ","Five_Year":"68.71 ","Month":"July","Year":"2718"}},{"node":{"Area":"Fraser Valley","Benchmark":"$834,777","One_Month":"-7.83 ","Three_Month":"-2.97 ","Six_Month":"-5.78 ","Twelve_Month":"2.52 ","Three_Year":"58.17 ","Five_Year":"85.47 ","Month":"July","Year":"2718"}},{"node":{"Area":"Vancouver Island","Benchmark":"$484,577","One_Month":"-7.46 ","Three_Month":"-7.58 ","Six_Month":"7.97 ","Twelve_Month":"17.99 ","Three_Year":"53.36 ","Five_Year":"67.76 ","Month":"July","Year":"2718"}},{"node":{"Area":"Victoria","Benchmark":"$686,177","One_Month":"-7.75 ","Three_Month":"-1.17 ","Six_Month":"-1.44 ","Twelve_Month":"6.45 ","Three_Year":"44.95 ","Five_Year":"67.76 ","Month":"July","Year":"2718"}},{"node":{"Area":"Calgary","Benchmark":"$413,977","One_Month":"-1.74 ","Three_Month":"-2.41 ","Six_Month":"-4.73 ","Twelve_Month":"-3.16 ","Three_Year":"-6.62 ","Five_Year":"-1.14 ","Month":"July","Year":"2718"}},{"node":{"Area":"Edmonton","Benchmark":"$319,277","One_Month":"-7.81 ","Three_Month":"-2.37 ","Six_Month":"-4.64 ","Twelve_Month":"-2.74 ","Three_Year":"-5.74 ","Five_Year":"-1.45 ","Month":"July","Year":"2718"}},{"node":{"Area":"Regina","Benchmark":"$267,477","One_Month":"-1.73 ","Three_Month":"-3.43 ","Six_Month":"-3.88 ","Twelve_Month":"-5.22 ","Three_Year":"-4.35 ","Five_Year":"-11.11 ","Month":"July","Year":"2718"}},{"node":{"Area":"Saskatoon","Benchmark":"$399,677","One_Month":"-1.33 ","Three_Month":"-1.42 ","Six_Month":"-1.87 ","Twelve_Month":"-1.24 ","Three_Year":"-6.23 ","Five_Year":"-6.19 ","Month":"July","Year":"2718"}},{"node":{"Area":"Guelph","Benchmark":"$524,177","One_Month":"-1.12 ","Three_Month":"7.33 ","Six_Month":"1.44 ","Twelve_Month":"6.77 ","Three_Year":"38.95 ","Five_Year":"53.27 ","Month":"July","Year":"2718"}},{"node":{"Area":"Hamilton-Burlington","Benchmark":"$584,177","One_Month":"7.39 ","Three_Month":"1.52 ","Six_Month":"1.29 ","Twelve_Month":"6.43 ","Three_Year":"39.32 ","Five_Year":"77.18 ","Month":"July","Year":"2718"}},{"node":{"Area":"Oakville-Milton","Benchmark":"$941,577","One_Month":"-1.45 ","Three_Month":"-1.18 ","Six_Month":"-1.76 ","Twelve_Month":"3.32 ","Three_Year":"39.59 ","Five_Year":"49.32 ","Month":"July","Year":"2718"}},{"node":{"Area":"Barrie & District","Benchmark":"$466,777","One_Month":"-7.79 ","Three_Month":"-1.31 ","Six_Month":"-1.57 ","Twelve_Month":"-1.75 ","Three_Year":"29.49 ","Five_Year":"58.83 ","Month":"July","Year":"2718"}},{"node":{"Area":"Greater Toronto","Benchmark":"$764,277","One_Month":"7.78 ","Three_Month":"-7.16 ","Six_Month":"-7.83 ","Twelve_Month":"2.98 ","Three_Year":"33.35 ","Five_Year":"58.33 ","Month":"July","Year":"2718"}},{"node":{"Area":"Niagara Region","Benchmark":"$391,877","One_Month":"-7.44 ","Three_Month":"7.75 ","Six_Month":"1.15 ","Twelve_Month":"6.77 ","Three_Year":"56.77 ","Five_Year":"77.71 ","Month":"July","Year":"2718"}},{"node":{"Area":"Ottawa","Benchmark":"$394,777","One_Month":"7.29 ","Three_Month":"7.52 ","Six_Month":"1.45 ","Twelve_Month":"6.88 ","Three_Year":"18.58 ","Five_Year":"27.21 ","Month":"July","Year":"2718"}},{"node":{"Area":"Greater Montreal","Benchmark":"$348,777","One_Month":"7.17 ","Three_Month":"7.95 ","Six_Month":"1.79 ","Twelve_Month":"6.72 ","Three_Year":"15.38 ","Five_Year":"17.86 ","Month":"July","Year":"2718"}},{"node":{"Area":"Greater Moncton","Benchmark":"$187,377","One_Month":"-1.17 ","Three_Month":"-7.52 ","Six_Month":"-1.22 ","Twelve_Month":"2.47 ","Three_Year":"17.85 ","Five_Year":"15.87 ","Month":"July","Year":"2718"}}]},"allTorontosalesbypricerange3Csv":{"edges":[{"node":{"Area":"Aggregate","Benchmark":"$616,777","One_Month":"-7.34 ","Three_Month":"-7.94 ","Six_Month":"-2.78 ","Twelve_Month":"1.63 ","Three_Year":"26.78 ","Five_Year":"42.65 ","Month":"July","Year":"2718"}},{"node":{"Area":"Lower Mainland","Benchmark":"$969,777","One_Month":"-7.89 ","Three_Month":"-3.38 ","Six_Month":"-6.27 ","Twelve_Month":"-7.93 ","Three_Year":"47.18 ","Five_Year":"73.78 ","Month":"July","Year":"2718"}},{"node":{"Area":"Greater Vancouver","Benchmark":"$1,732,477","One_Month":"-7.93 ","Three_Month":"-3.57 ","Six_Month":"-6.54 ","Twelve_Month":"-2.69 ","Three_Year":"33.32 ","Five_Year":"68.71 ","Month":"July","Year":"2718"}},{"node":{"Area":"Fraser Valley","Benchmark":"$834,777","One_Month":"-7.83 ","Three_Month":"-2.97 ","Six_Month":"-5.78 ","Twelve_Month":"2.52 ","Three_Year":"58.17 ","Five_Year":"85.47 ","Month":"July","Year":"2718"}},{"node":{"Area":"Vancouver Island","Benchmark":"$484,577","One_Month":"-7.46 ","Three_Month":"-7.58 ","Six_Month":"7.97 ","Twelve_Month":"17.99 ","Three_Year":"53.36 ","Five_Year":"67.76 ","Month":"July","Year":"2718"}},{"node":{"Area":"Victoria","Benchmark":"$686,177","One_Month":"-7.75 ","Three_Month":"-1.17 ","Six_Month":"-1.44 ","Twelve_Month":"6.45 ","Three_Year":"44.95 ","Five_Year":"67.76 ","Month":"July","Year":"2718"}},{"node":{"Area":"Calgary","Benchmark":"$413,977","One_Month":"-1.74 ","Three_Month":"-2.41 ","Six_Month":"-4.73 ","Twelve_Month":"-3.16 ","Three_Year":"-6.62 ","Five_Year":"-1.14 ","Month":"July","Year":"2718"}},{"node":{"Area":"Edmonton","Benchmark":"$319,277","One_Month":"-7.81 ","Three_Month":"-2.37 ","Six_Month":"-4.64 ","Twelve_Month":"-2.74 ","Three_Year":"-5.74 ","Five_Year":"-1.45 ","Month":"July","Year":"2718"}},{"node":{"Area":"Regina","Benchmark":"$267,477","One_Month":"-1.73 ","Three_Month":"-3.43 ","Six_Month":"-3.88 ","Twelve_Month":"-5.22 ","Three_Year":"-4.35 ","Five_Year":"-11.11 ","Month":"July","Year":"2718"}},{"node":{"Area":"Saskatoon","Benchmark":"$399,677","One_Month":"-1.33 ","Three_Month":"-1.42 ","Six_Month":"-1.87 ","Twelve_Month":"-1.24 ","Three_Year":"-6.23 ","Five_Year":"-6.19 ","Month":"July","Year":"2718"}},{"node":{"Area":"Guelph","Benchmark":"$524,177","One_Month":"-1.12 ","Three_Month":"7.33 ","Six_Month":"1.44 ","Twelve_Month":"6.77 ","Three_Year":"38.95 ","Five_Year":"53.27 ","Month":"July","Year":"2718"}},{"node":{"Area":"Hamilton-Burlington","Benchmark":"$584,177","One_Month":"7.39 ","Three_Month":"1.52 ","Six_Month":"1.29 ","Twelve_Month":"6.43 ","Three_Year":"39.32 ","Five_Year":"77.18 ","Month":"July","Year":"2718"}},{"node":{"Area":"Oakville-Milton","Benchmark":"$941,577","One_Month":"-1.45 ","Three_Month":"-1.18 ","Six_Month":"-1.76 ","Twelve_Month":"3.32 ","Three_Year":"39.59 ","Five_Year":"49.32 ","Month":"July","Year":"2718"}},{"node":{"Area":"Barrie & District","Benchmark":"$466,777","One_Month":"-7.79 ","Three_Month":"-1.31 ","Six_Month":"-1.57 ","Twelve_Month":"-1.75 ","Three_Year":"29.49 ","Five_Year":"58.83 ","Month":"July","Year":"2718"}},{"node":{"Area":"Greater Toronto","Benchmark":"$764,277","One_Month":"7.78 ","Three_Month":"-7.16 ","Six_Month":"-7.83 ","Twelve_Month":"2.98 ","Three_Year":"33.35 ","Five_Year":"58.33 ","Month":"July","Year":"2718"}},{"node":{"Area":"Niagara Region","Benchmark":"$391,877","One_Month":"-7.44 ","Three_Month":"7.75 ","Six_Month":"1.15 ","Twelve_Month":"6.77 ","Three_Year":"56.77 ","Five_Year":"77.71 ","Month":"July","Year":"2718"}},{"node":{"Area":"Ottawa","Benchmark":"$394,777","One_Month":"7.29 ","Three_Month":"7.52 ","Six_Month":"1.45 ","Twelve_Month":"6.88 ","Three_Year":"18.58 ","Five_Year":"27.21 ","Month":"July","Year":"2718"}},{"node":{"Area":"Greater Montreal","Benchmark":"$348,777","One_Month":"7.17 ","Three_Month":"7.95 ","Six_Month":"1.79 ","Twelve_Month":"6.72 ","Three_Year":"15.38 ","Five_Year":"17.86 ","Month":"July","Year":"2718"}},{"node":{"Area":"Greater Moncton","Benchmark":"$187,377","One_Month":"-1.17 ","Three_Month":"-7.52 ","Six_Month":"-1.22 ","Twelve_Month":"2.47 ","Three_Year":"17.85 ","Five_Year":"15.87 ","Month":"July","Year":"2718"}},{"node":{"Area":"Aggregate","Benchmark":"$616,777","One_Month":"-7.34 ","Three_Month":"-7.94 ","Six_Month":"-2.78 ","Twelve_Month":"1.63 ","Three_Year":"26.78 ","Five_Year":"42.65 ","Month":"July","Year":"2718"}},{"node":{"Area":"Lower Mainland","Benchmark":"$969,777","One_Month":"-7.89 ","Three_Month":"-3.38 ","Six_Month":"-6.27 ","Twelve_Month":"-7.93 ","Three_Year":"47.18 ","Five_Year":"73.78 ","Month":"July","Year":"2718"}},{"node":{"Area":"Greater Vancouver","Benchmark":"$1,732,477","One_Month":"-7.93 ","Three_Month":"-3.57 ","Six_Month":"-6.54 ","Twelve_Month":"-2.69 ","Three_Year":"33.32 ","Five_Year":"68.71 ","Month":"July","Year":"2718"}},{"node":{"Area":"Fraser Valley","Benchmark":"$834,777","One_Month":"-7.83 ","Three_Month":"-2.97 ","Six_Month":"-5.78 ","Twelve_Month":"2.52 ","Three_Year":"58.17 ","Five_Year":"85.47 ","Month":"July","Year":"2718"}},{"node":{"Area":"Vancouver Island","Benchmark":"$484,577","One_Month":"-7.46 ","Three_Month":"-7.58 ","Six_Month":"7.97 ","Twelve_Month":"17.99 ","Three_Year":"53.36 ","Five_Year":"67.76 ","Month":"July","Year":"2718"}},{"node":{"Area":"Victoria","Benchmark":"$686,177","One_Month":"-7.75 ","Three_Month":"-1.17 ","Six_Month":"-1.44 ","Twelve_Month":"6.45 ","Three_Year":"44.95 ","Five_Year":"67.76 ","Month":"July","Year":"2718"}},{"node":{"Area":"Calgary","Benchmark":"$413,977","One_Month":"-1.74 ","Three_Month":"-2.41 ","Six_Month":"-4.73 ","Twelve_Month":"-3.16 ","Three_Year":"-6.62 ","Five_Year":"-1.14 ","Month":"July","Year":"2718"}},{"node":{"Area":"Edmonton","Benchmark":"$319,277","One_Month":"-7.81 ","Three_Month":"-2.37 ","Six_Month":"-4.64 ","Twelve_Month":"-2.74 ","Three_Year":"-5.74 ","Five_Year":"-1.45 ","Month":"July","Year":"2718"}},{"node":{"Area":"Regina","Benchmark":"$267,477","One_Month":"-1.73 ","Three_Month":"-3.43 ","Six_Month":"-3.88 ","Twelve_Month":"-5.22 ","Three_Year":"-4.35 ","Five_Year":"-11.11 ","Month":"July","Year":"2718"}},{"node":{"Area":"Saskatoon","Benchmark":"$399,677","One_Month":"-1.33 ","Three_Month":"-1.42 ","Six_Month":"-1.87 ","Twelve_Month":"-1.24 ","Three_Year":"-6.23 ","Five_Year":"-6.19 ","Month":"July","Year":"2718"}},{"node":{"Area":"Guelph","Benchmark":"$524,177","One_Month":"-1.12 ","Three_Month":"7.33 ","Six_Month":"1.44 ","Twelve_Month":"6.77 ","Three_Year":"38.95 ","Five_Year":"53.27 ","Month":"July","Year":"2718"}},{"node":{"Area":"Hamilton-Burlington","Benchmark":"$584,177","One_Month":"7.39 ","Three_Month":"1.52 ","Six_Month":"1.29 ","Twelve_Month":"6.43 ","Three_Year":"39.32 ","Five_Year":"77.18 ","Month":"July","Year":"2718"}},{"node":{"Area":"Oakville-Milton","Benchmark":"$941,577","One_Month":"-1.45 ","Three_Month":"-1.18 ","Six_Month":"-1.76 ","Twelve_Month":"3.32 ","Three_Year":"39.59 ","Five_Year":"49.32 ","Month":"July","Year":"2718"}},{"node":{"Area":"Barrie & District","Benchmark":"$466,777","One_Month":"-7.79 ","Three_Month":"-1.31 ","Six_Month":"-1.57 ","Twelve_Month":"-1.75 ","Three_Year":"29.49 ","Five_Year":"58.83 ","Month":"July","Year":"2718"}},{"node":{"Area":"Greater Toronto","Benchmark":"$764,277","One_Month":"7.78 ","Three_Month":"-7.16 ","Six_Month":"-7.83 ","Twelve_Month":"2.98 ","Three_Year":"33.35 ","Five_Year":"58.33 ","Month":"July","Year":"2718"}},{"node":{"Area":"Niagara Region","Benchmark":"$391,877","One_Month":"-7.44 ","Three_Month":"7.75 ","Six_Month":"1.15 ","Twelve_Month":"6.77 ","Three_Year":"56.77 ","Five_Year":"77.71 ","Month":"July","Year":"2718"}},{"node":{"Area":"Ottawa","Benchmark":"$394,777","One_Month":"7.29 ","Three_Month":"7.52 ","Six_Month":"1.45 ","Twelve_Month":"6.88 ","Three_Year":"18.58 ","Five_Year":"27.21 ","Month":"July","Year":"2718"}},{"node":{"Area":"Greater Montreal","Benchmark":"$348,777","One_Month":"7.17 ","Three_Month":"7.95 ","Six_Month":"1.79 ","Twelve_Month":"6.72 ","Three_Year":"15.38 ","Five_Year":"17.86 ","Month":"July","Year":"2718"}},{"node":{"Area":"Greater Moncton","Benchmark":"$187,377","One_Month":"-1.17 ","Three_Month":"-7.52 ","Six_Month":"-1.22 ","Twelve_Month":"2.47 ","Three_Year":"17.85 ","Five_Year":"15.87 ","Month":"July","Year":"2718"}}]},"allTorontosalesbypricerange4Csv":{"edges":[{"node":{"Area":"Aggregate","Benchmark":"$616,777","One_Month":"-7.34 ","Three_Month":"-7.94 ","Six_Month":"-2.78 ","Twelve_Month":"1.63 ","Three_Year":"26.78 ","Five_Year":"42.65 ","Month":"July","Year":"2718"}},{"node":{"Area":"Lower Mainland","Benchmark":"$969,777","One_Month":"-7.89 ","Three_Month":"-3.38 ","Six_Month":"-6.27 ","Twelve_Month":"-7.93 ","Three_Year":"47.18 ","Five_Year":"73.78 ","Month":"July","Year":"2718"}},{"node":{"Area":"Greater Vancouver","Benchmark":"$1,732,477","One_Month":"-7.93 ","Three_Month":"-3.57 ","Six_Month":"-6.54 ","Twelve_Month":"-2.69 ","Three_Year":"33.32 ","Five_Year":"68.71 ","Month":"July","Year":"2718"}},{"node":{"Area":"Fraser Valley","Benchmark":"$834,777","One_Month":"-7.83 ","Three_Month":"-2.97 ","Six_Month":"-5.78 ","Twelve_Month":"2.52 ","Three_Year":"58.17 ","Five_Year":"85.47 ","Month":"July","Year":"2718"}},{"node":{"Area":"Vancouver Island","Benchmark":"$484,577","One_Month":"-7.46 ","Three_Month":"-7.58 ","Six_Month":"7.97 ","Twelve_Month":"17.99 ","Three_Year":"53.36 ","Five_Year":"67.76 ","Month":"July","Year":"2718"}},{"node":{"Area":"Victoria","Benchmark":"$686,177","One_Month":"-7.75 ","Three_Month":"-1.17 ","Six_Month":"-1.44 ","Twelve_Month":"6.45 ","Three_Year":"44.95 ","Five_Year":"67.76 ","Month":"July","Year":"2718"}},{"node":{"Area":"Calgary","Benchmark":"$413,977","One_Month":"-1.74 ","Three_Month":"-2.41 ","Six_Month":"-4.73 ","Twelve_Month":"-3.16 ","Three_Year":"-6.62 ","Five_Year":"-1.14 ","Month":"July","Year":"2718"}},{"node":{"Area":"Edmonton","Benchmark":"$319,277","One_Month":"-7.81 ","Three_Month":"-2.37 ","Six_Month":"-4.64 ","Twelve_Month":"-2.74 ","Three_Year":"-5.74 ","Five_Year":"-1.45 ","Month":"July","Year":"2718"}},{"node":{"Area":"Regina","Benchmark":"$267,477","One_Month":"-1.73 ","Three_Month":"-3.43 ","Six_Month":"-3.88 ","Twelve_Month":"-5.22 ","Three_Year":"-4.35 ","Five_Year":"-11.11 ","Month":"July","Year":"2718"}},{"node":{"Area":"Saskatoon","Benchmark":"$399,677","One_Month":"-1.33 ","Three_Month":"-1.42 ","Six_Month":"-1.87 ","Twelve_Month":"-1.24 ","Three_Year":"-6.23 ","Five_Year":"-6.19 ","Month":"July","Year":"2718"}},{"node":{"Area":"Guelph","Benchmark":"$524,177","One_Month":"-1.12 ","Three_Month":"7.33 ","Six_Month":"1.44 ","Twelve_Month":"6.77 ","Three_Year":"38.95 ","Five_Year":"53.27 ","Month":"July","Year":"2718"}},{"node":{"Area":"Hamilton-Burlington","Benchmark":"$584,177","One_Month":"7.39 ","Three_Month":"1.52 ","Six_Month":"1.29 ","Twelve_Month":"6.43 ","Three_Year":"39.32 ","Five_Year":"77.18 ","Month":"July","Year":"2718"}},{"node":{"Area":"Oakville-Milton","Benchmark":"$941,577","One_Month":"-1.45 ","Three_Month":"-1.18 ","Six_Month":"-1.76 ","Twelve_Month":"3.32 ","Three_Year":"39.59 ","Five_Year":"49.32 ","Month":"July","Year":"2718"}},{"node":{"Area":"Barrie & District","Benchmark":"$466,777","One_Month":"-7.79 ","Three_Month":"-1.31 ","Six_Month":"-1.57 ","Twelve_Month":"-1.75 ","Three_Year":"29.49 ","Five_Year":"58.83 ","Month":"July","Year":"2718"}},{"node":{"Area":"Greater Toronto","Benchmark":"$764,277","One_Month":"7.78 ","Three_Month":"-7.16 ","Six_Month":"-7.83 ","Twelve_Month":"2.98 ","Three_Year":"33.35 ","Five_Year":"58.33 ","Month":"July","Year":"2718"}},{"node":{"Area":"Niagara Region","Benchmark":"$391,877","One_Month":"-7.44 ","Three_Month":"7.75 ","Six_Month":"1.15 ","Twelve_Month":"6.77 ","Three_Year":"56.77 ","Five_Year":"77.71 ","Month":"July","Year":"2718"}},{"node":{"Area":"Ottawa","Benchmark":"$394,777","One_Month":"7.29 ","Three_Month":"7.52 ","Six_Month":"1.45 ","Twelve_Month":"6.88 ","Three_Year":"18.58 ","Five_Year":"27.21 ","Month":"July","Year":"2718"}},{"node":{"Area":"Greater Montreal","Benchmark":"$348,777","One_Month":"7.17 ","Three_Month":"7.95 ","Six_Month":"1.79 ","Twelve_Month":"6.72 ","Three_Year":"15.38 ","Five_Year":"17.86 ","Month":"July","Year":"2718"}},{"node":{"Area":"Greater Moncton","Benchmark":"$187,377","One_Month":"-1.17 ","Three_Month":"-7.52 ","Six_Month":"-1.22 ","Twelve_Month":"2.47 ","Three_Year":"17.85 ","Five_Year":"15.87 ","Month":"July","Year":"2718"}},{"node":{"Area":"Aggregate","Benchmark":"$616,777","One_Month":"-7.34 ","Three_Month":"-7.94 ","Six_Month":"-2.78 ","Twelve_Month":"1.63 ","Three_Year":"26.78 ","Five_Year":"42.65 ","Month":"July","Year":"2718"}},{"node":{"Area":"Lower Mainland","Benchmark":"$969,777","One_Month":"-7.89 ","Three_Month":"-3.38 ","Six_Month":"-6.27 ","Twelve_Month":"-7.93 ","Three_Year":"47.18 ","Five_Year":"73.78 ","Month":"July","Year":"2718"}},{"node":{"Area":"Greater Vancouver","Benchmark":"$1,732,477","One_Month":"-7.93 ","Three_Month":"-3.57 ","Six_Month":"-6.54 ","Twelve_Month":"-2.69 ","Three_Year":"33.32 ","Five_Year":"68.71 ","Month":"July","Year":"2718"}},{"node":{"Area":"Fraser Valley","Benchmark":"$834,777","One_Month":"-7.83 ","Three_Month":"-2.97 ","Six_Month":"-5.78 ","Twelve_Month":"2.52 ","Three_Year":"58.17 ","Five_Year":"85.47 ","Month":"July","Year":"2718"}},{"node":{"Area":"Vancouver Island","Benchmark":"$484,577","One_Month":"-7.46 ","Three_Month":"-7.58 ","Six_Month":"7.97 ","Twelve_Month":"17.99 ","Three_Year":"53.36 ","Five_Year":"67.76 ","Month":"July","Year":"2718"}},{"node":{"Area":"Victoria","Benchmark":"$686,177","One_Month":"-7.75 ","Three_Month":"-1.17 ","Six_Month":"-1.44 ","Twelve_Month":"6.45 ","Three_Year":"44.95 ","Five_Year":"67.76 ","Month":"July","Year":"2718"}},{"node":{"Area":"Calgary","Benchmark":"$413,977","One_Month":"-1.74 ","Three_Month":"-2.41 ","Six_Month":"-4.73 ","Twelve_Month":"-3.16 ","Three_Year":"-6.62 ","Five_Year":"-1.14 ","Month":"July","Year":"2718"}},{"node":{"Area":"Edmonton","Benchmark":"$319,277","One_Month":"-7.81 ","Three_Month":"-2.37 ","Six_Month":"-4.64 ","Twelve_Month":"-2.74 ","Three_Year":"-5.74 ","Five_Year":"-1.45 ","Month":"July","Year":"2718"}},{"node":{"Area":"Regina","Benchmark":"$267,477","One_Month":"-1.73 ","Three_Month":"-3.43 ","Six_Month":"-3.88 ","Twelve_Month":"-5.22 ","Three_Year":"-4.35 ","Five_Year":"-11.11 ","Month":"July","Year":"2718"}},{"node":{"Area":"Saskatoon","Benchmark":"$399,677","One_Month":"-1.33 ","Three_Month":"-1.42 ","Six_Month":"-1.87 ","Twelve_Month":"-1.24 ","Three_Year":"-6.23 ","Five_Year":"-6.19 ","Month":"July","Year":"2718"}},{"node":{"Area":"Guelph","Benchmark":"$524,177","One_Month":"-1.12 ","Three_Month":"7.33 ","Six_Month":"1.44 ","Twelve_Month":"6.77 ","Three_Year":"38.95 ","Five_Year":"53.27 ","Month":"July","Year":"2718"}},{"node":{"Area":"Hamilton-Burlington","Benchmark":"$584,177","One_Month":"7.39 ","Three_Month":"1.52 ","Six_Month":"1.29 ","Twelve_Month":"6.43 ","Three_Year":"39.32 ","Five_Year":"77.18 ","Month":"July","Year":"2718"}},{"node":{"Area":"Oakville-Milton","Benchmark":"$941,577","One_Month":"-1.45 ","Three_Month":"-1.18 ","Six_Month":"-1.76 ","Twelve_Month":"3.32 ","Three_Year":"39.59 ","Five_Year":"49.32 ","Month":"July","Year":"2718"}},{"node":{"Area":"Barrie & District","Benchmark":"$466,777","One_Month":"-7.79 ","Three_Month":"-1.31 ","Six_Month":"-1.57 ","Twelve_Month":"-1.75 ","Three_Year":"29.49 ","Five_Year":"58.83 ","Month":"July","Year":"2718"}},{"node":{"Area":"Greater Toronto","Benchmark":"$764,277","One_Month":"7.78 ","Three_Month":"-7.16 ","Six_Month":"-7.83 ","Twelve_Month":"2.98 ","Three_Year":"33.35 ","Five_Year":"58.33 ","Month":"July","Year":"2718"}},{"node":{"Area":"Niagara Region","Benchmark":"$391,877","One_Month":"-7.44 ","Three_Month":"7.75 ","Six_Month":"1.15 ","Twelve_Month":"6.77 ","Three_Year":"56.77 ","Five_Year":"77.71 ","Month":"July","Year":"2718"}},{"node":{"Area":"Ottawa","Benchmark":"$394,777","One_Month":"7.29 ","Three_Month":"7.52 ","Six_Month":"1.45 ","Twelve_Month":"6.88 ","Three_Year":"18.58 ","Five_Year":"27.21 ","Month":"July","Year":"2718"}},{"node":{"Area":"Greater Montreal","Benchmark":"$348,777","One_Month":"7.17 ","Three_Month":"7.95 ","Six_Month":"1.79 ","Twelve_Month":"6.72 ","Three_Year":"15.38 ","Five_Year":"17.86 ","Month":"July","Year":"2718"}},{"node":{"Area":"Greater Moncton","Benchmark":"$187,377","One_Month":"-1.17 ","Three_Month":"-7.52 ","Six_Month":"-1.22 ","Twelve_Month":"2.47 ","Three_Year":"17.85 ","Five_Year":"15.87 ","Month":"July","Year":"2718"}}]},"allCookiesCsv":{"edges":[{"node":{"Area":"Aggregate","Benchmark":"$616,700","One_Month":"-0.34 ","Three_Month":"-0.44 ","Six_Month":"-2.08 ","Twelve_Month":"1.63 ","Three_Year":"26.08 ","Five_Year":"42.65 ","Month":"December","Year":"2018"}},{"node":{"Area":"Lower Mainland","Benchmark":"$464,700","One_Month":"-0.84 ","Three_Month":"-3.38 ","Six_Month":"-6.27 ","Twelve_Month":"-0.43 ","Three_Year":"40.18 ","Five_Year":"73.08 ","Month":"December","Year":"2018"}},{"node":{"Area":"Greater Vancouver","Benchmark":"$1,032,400","One_Month":"-0.43 ","Three_Month":"-3.57 ","Six_Month":"-6.54 ","Twelve_Month":"-2.64 ","Three_Year":"33.32 ","Five_Year":"68.01 ","Month":"December","Year":"2018"}},{"node":{"Area":"Fraser Valley","Benchmark":"$834,700","One_Month":"-0.83 ","Three_Month":"-2.47 ","Six_Month":"-5.78 ","Twelve_Month":"2.52 ","Three_Year":"58.17 ","Five_Year":"85.47 ","Month":"December","Year":"2018"}},{"node":{"Area":"Vancouver Island","Benchmark":"$484,500","One_Month":"-0.46 ","Three_Month":"-0.58 ","Six_Month":"0.47 ","Twelve_Month":"10.44 ","Three_Year":"53.36 ","Five_Year":"67.06 ","Month":"December","Year":"2018"}},{"node":{"Area":"Victoria","Benchmark":"$686,100","One_Month":"-0.05 ","Three_Month":"-1.17 ","Six_Month":"-1.44 ","Twelve_Month":"6.45 ","Three_Year":"44.45 ","Five_Year":"60.76 ","Month":"December","Year":"2018"}},{"node":{"Area":"Calgary","Benchmark":"$413,400","One_Month":"-1.04 ","Three_Month":"-2.41 ","Six_Month":"-4.03 ","Twelve_Month":"-3.16 ","Three_Year":"-6.62 ","Five_Year":"-1.14 ","Month":"December","Year":"2018"}},{"node":{"Area":"Edmonton","Benchmark":"$314,200","One_Month":"-0.81 ","Three_Month":"-2.30 ","Six_Month":"-4.64 ","Twelve_Month":"-2.04 ","Three_Year":"-5.04 ","Five_Year":"-1.45 ","Month":"December","Year":"2018"}},{"node":{"Area":"Regina","Benchmark":"$267,400","One_Month":"-1.73 ","Three_Month":"-3.43 ","Six_Month":"-3.88 ","Twelve_Month":"-5.22 ","Three_Year":"-4.35 ","Five_Year":"-11.11 ","Month":"December","Year":"2018"}},{"node":{"Area":"Saskatoon","Benchmark":"$284,600","One_Month":"-1.33 ","Three_Month":"-1.42 ","Six_Month":"-1.87 ","Twelve_Month":"-1.24 ","Three_Year":"-6.23 ","Five_Year":"-6.14 ","Month":"December","Year":"2018"}},{"node":{"Area":"Guelph","Benchmark":"$524,100","One_Month":"-1.12 ","Three_Month":"0.33 ","Six_Month":"1.44 ","Twelve_Month":"6.77 ","Three_Year":"38.45 ","Five_Year":"53.27 ","Month":"December","Year":"2018"}},{"node":{"Area":"Hamilton-Burlington","Benchmark":"$584,100","One_Month":"0.34 ","Three_Month":"1.52 ","Six_Month":"1.24 ","Twelve_Month":"6.43 ","Three_Year":"34.32 ","Five_Year":"70.18 ","Month":"December","Year":"2018"}},{"node":{"Area":"Oakville-Milton","Benchmark":"$441,500","One_Month":"-1.45 ","Three_Month":"-1.18 ","Six_Month":"-1.06 ","Twelve_Month":"3.32 ","Three_Year":"28.54 ","Five_Year":"44.32 ","Month":"December","Year":"2018"}},{"node":{"Area":"Barrie & District","Benchmark":"$466,000","One_Month":"-0.04 ","Three_Month":"-1.31 ","Six_Month":"-1.57 ","Twelve_Month":"-1.05 ","Three_Year":"24.44 ","Five_Year":"58.83 ","Month":"December","Year":"2018"}},{"node":{"Area":"Greater Toronto","Benchmark":"$764,200","One_Month":"0.08 ","Three_Month":"-0.16 ","Six_Month":"-0.83 ","Twelve_Month":"2.48 ","Three_Year":"33.35 ","Five_Year":"58.33 ","Month":"December","Year":"2018"}},{"node":{"Area":"Niagara Region","Benchmark":"$341,800","One_Month":"-0.44 ","Three_Month":"0.75 ","Six_Month":"1.15 ","Twelve_Month":"6.77 ","Three_Year":"56.00 ","Five_Year":"77.01 ","Month":"December","Year":"2018"}},{"node":{"Area":"Ottawa","Benchmark":"$344,700","One_Month":"0.24 ","Three_Month":"0.52 ","Six_Month":"1.45 ","Twelve_Month":"6.88 ","Three_Year":"18.58 ","Five_Year":"20.21 ","Month":"December","Year":"2018"}},{"node":{"Area":"Greater Montreal","Benchmark":"$348,700","One_Month":"0.17 ","Three_Month":"0.45 ","Six_Month":"1.74 ","Twelve_Month":"6.02 ","Three_Year":"15.38 ","Five_Year":"17.86 ","Month":"December","Year":"2018"}},{"node":{"Area":"Greater Moncton","Benchmark":"$180,300","One_Month":"-1.10 ","Three_Month":"-0.52 ","Six_Month":"-1.22 ","Twelve_Month":"2.47 ","Three_Year":"10.85 ","Five_Year":"15.87 ","Month":"December","Year":"2018"}}]},"allBarrieCsv":{"edges":[{"node":{"Area":"Aggregate","Benchmark":"$616,777","One_Month":"-7.34 ","Three_Month":"-7.94 ","Six_Month":"-7.78 ","Twelve_Month":"1.63 ","Three_Year":"76.78 ","Five_Year":"47.65 ","Month":"January","Year":"7718"}},{"node":{"Area":"Lower Mainland","Benchmark":"$969,777","One_Month":"-7.89 ","Three_Month":"-3.38 ","Six_Month":"-6.77 ","Twelve_Month":"-7.93 ","Three_Year":"47.18 ","Five_Year":"73.78 ","Month":"January","Year":"7718"}},{"node":{"Area":"Greater Vancouver","Benchmark":"$1,737,477","One_Month":"-7.93 ","Three_Month":"-3.57 ","Six_Month":"-6.54 ","Twelve_Month":"-7.69 ","Three_Year":"33.37 ","Five_Year":"68.71 ","Month":"January","Year":"7718"}},{"node":{"Area":"Fraser Valley","Benchmark":"$834,777","One_Month":"-7.83 ","Three_Month":"-7.97 ","Six_Month":"-5.78 ","Twelve_Month":"7.57 ","Three_Year":"58.17 ","Five_Year":"85.47 ","Month":"January","Year":"7718"}},{"node":{"Area":"Vancouver Island","Benchmark":"$484,577","One_Month":"-7.46 ","Three_Month":"-7.58 ","Six_Month":"7.97 ","Twelve_Month":"17.99 ","Three_Year":"53.36 ","Five_Year":"67.76 ","Month":"January","Year":"7718"}},{"node":{"Area":"Victoria","Benchmark":"$686,177","One_Month":"-7.75 ","Three_Month":"-1.17 ","Six_Month":"-1.44 ","Twelve_Month":"6.45 ","Three_Year":"44.95 ","Five_Year":"67.76 ","Month":"January","Year":"7718"}},{"node":{"Area":"Calgary","Benchmark":"$413,977","One_Month":"-1.74 ","Three_Month":"-7.41 ","Six_Month":"-4.73 ","Twelve_Month":"-3.16 ","Three_Year":"-6.67 ","Five_Year":"-1.14 ","Month":"January","Year":"7718"}},{"node":{"Area":"Edmonton","Benchmark":"$319,777","One_Month":"-7.81 ","Three_Month":"-7.37 ","Six_Month":"-4.64 ","Twelve_Month":"-7.74 ","Three_Year":"-5.74 ","Five_Year":"-1.45 ","Month":"January","Year":"7718"}},{"node":{"Area":"Regina","Benchmark":"$767,477","One_Month":"-1.73 ","Three_Month":"-3.43 ","Six_Month":"-3.88 ","Twelve_Month":"-5.77 ","Three_Year":"-4.35 ","Five_Year":"-11.11 ","Month":"January","Year":"7718"}},{"node":{"Area":"Saskatoon","Benchmark":"$789,677","One_Month":"-1.33 ","Three_Month":"-1.47 ","Six_Month":"-1.87 ","Twelve_Month":"-1.74 ","Three_Year":"-6.73 ","Five_Year":"-6.19 ","Month":"January","Year":"7718"}},{"node":{"Area":"Guelph","Benchmark":"$574,177","One_Month":"-1.17 ","Three_Month":"7.33 ","Six_Month":"1.44 ","Twelve_Month":"6.77 ","Three_Year":"38.95 ","Five_Year":"53.77 ","Month":"January","Year":"7718"}},{"node":{"Area":"Hamilton-Burlington","Benchmark":"$584,177","One_Month":"7.39 ","Three_Month":"1.57 ","Six_Month":"1.79 ","Twelve_Month":"6.43 ","Three_Year":"39.37 ","Five_Year":"77.18 ","Month":"January","Year":"7718"}},{"node":{"Area":"Oakville-Milton","Benchmark":"$941,577","One_Month":"-1.45 ","Three_Month":"-1.18 ","Six_Month":"-1.76 ","Twelve_Month":"3.37 ","Three_Year":"78.59 ","Five_Year":"49.37 ","Month":"January","Year":"7718"}},{"node":{"Area":"Barrie & District","Benchmark":"$466,777","One_Month":"-7.79 ","Three_Month":"-1.31 ","Six_Month":"-1.57 ","Twelve_Month":"-1.75 ","Three_Year":"79.49 ","Five_Year":"58.83 ","Month":"January","Year":"7718"}},{"node":{"Area":"Greater Toronto","Benchmark":"$764,777","One_Month":"7.78 ","Three_Month":"-7.16 ","Six_Month":"-7.83 ","Twelve_Month":"7.98 ","Three_Year":"33.35 ","Five_Year":"58.33 ","Month":"January","Year":"7718"}},{"node":{"Area":"Niagara Region","Benchmark":"$391,877","One_Month":"-7.44 ","Three_Month":"7.75 ","Six_Month":"1.15 ","Twelve_Month":"6.77 ","Three_Year":"56.77 ","Five_Year":"77.71 ","Month":"January","Year":"7718"}},{"node":{"Area":"Ottawa","Benchmark":"$394,777","One_Month":"7.79 ","Three_Month":"7.57 ","Six_Month":"1.45 ","Twelve_Month":"6.88 ","Three_Year":"18.58 ","Five_Year":"77.71 ","Month":"January","Year":"7718"}},{"node":{"Area":"Greater Montreal","Benchmark":"$348,777","One_Month":"7.17 ","Three_Month":"7.95 ","Six_Month":"1.79 ","Twelve_Month":"6.77 ","Three_Year":"15.38 ","Five_Year":"17.86 ","Month":"January","Year":"7718"}},{"node":{"Area":"Greater Moncton","Benchmark":"$187,377","One_Month":"-1.17 ","Three_Month":"-7.57 ","Six_Month":"-1.77 ","Twelve_Month":"7.47 ","Three_Year":"17.85 ","Five_Year":"15.87 ","Month":"January","Year":"7718"}}]},"barrieChart":{"edges":[{"node":{"name":"ABC","id":"1d9e5313-5aa5-5a19-9c17-f645635d92e9","sourceInstanceName":"data","childImageSharp":{"fluid":{"src":"/static/6f00ce4802068617c891fad40d6431cb/16db7/ABC.png"}}}},{"node":{"name":"natl_chartB017_xhi-res_en","id":"cc32778f-b66a-58a4-9e51-ba39b9338947","sourceInstanceName":"data","childImageSharp":{"fluid":{"src":"/static/71c56a039e6f966d05c61e1e058448f2/de58c/natl_chartB017_xhi-res_en.png"}}}},{"node":{"name":"natl_chartB016_xhi-res_en","id":"3f126fb5-3c00-5bbd-91da-8114957d6c93","sourceInstanceName":"data","childImageSharp":{"fluid":{"src":"/static/818b3c0c8fb3aac59d272e0366307858/de58c/natl_chartB016_xhi-res_en.png"}}}},{"node":{"name":"natl_chartC011_xhi-res_en","id":"7dc1a557-6b6f-5b3a-9516-849cc7d080ff","sourceInstanceName":"data","childImageSharp":{"fluid":{"src":"/static/c40044b57263434bbd61886523397f9f/de58c/natl_chartC011_xhi-res_en.png"}}}},{"node":{"name":"natl_chartC04_xhi-res_en","id":"32196896-f687-50ac-8afe-d3602afc0e5f","sourceInstanceName":"data","childImageSharp":{"fluid":{"src":"/static/e356803a5d6bb883eadd2dff03c61971/de58c/natl_chartC04_xhi-res_en.png"}}}},{"node":{"name":"natl_chartC010_xhi-res_en","id":"96ca8176-f6eb-502e-8a58-d022197fbc13","sourceInstanceName":"data","childImageSharp":{"fluid":{"src":"/static/ef908d47fbb2ce7b2ef492e99bcc9758/de58c/natl_chartC010_xhi-res_en.png"}}}},{"node":{"name":"natl_chartC03_xhi-res_en","id":"1e25c479-7203-554a-ad49-15615a2bf648","sourceInstanceName":"data","childImageSharp":{"fluid":{"src":"/static/0892cb88a0b070027c7e9d94abf265d5/de58c/natl_chartC03_xhi-res_en.png"}}}}]},"torontoChart":{"edges":[{"node":{"name":"ABC","id":"6dba961d-ee7f-5442-842e-6d668d994105","sourceInstanceName":"data","childImageSharp":{"fluid":{"src":"/static/6f00ce4802068617c891fad40d6431cb/16db7/ABC.png"}}}},{"node":{"name":"natl_chartB016_xhi-res_en","id":"1ad78532-adee-5517-8e37-d310dcc165fd","sourceInstanceName":"data","childImageSharp":{"fluid":{"src":"/static/818b3c0c8fb3aac59d272e0366307858/de58c/natl_chartB016_xhi-res_en.png"}}}},{"node":{"name":"natl_chartB017_xhi-res_en","id":"9d650ec2-503d-5f4a-a763-4f19be4bc563","sourceInstanceName":"data","childImageSharp":{"fluid":{"src":"/static/71c56a039e6f966d05c61e1e058448f2/de58c/natl_chartB017_xhi-res_en.png"}}}}]},"victoriaChart":{"edges":[{"node":{"name":"ABC","id":"847f85f3-5e7b-54f1-af6c-0f7ab364dcf8","sourceInstanceName":"data","childImageSharp":{"fluid":{"src":"/static/6f00ce4802068617c891fad40d6431cb/16db7/ABC.png"}}}},{"node":{"name":"natl_chartB016_xhi-res_en","id":"587fd4c6-0e58-5273-bbb9-64fc3f29baaf","sourceInstanceName":"data","childImageSharp":{"fluid":{"src":"/static/818b3c0c8fb3aac59d272e0366307858/de58c/natl_chartB016_xhi-res_en.png"}}}},{"node":{"name":"natl_chartB017_xhi-res_en","id":"34d5b891-4f87-5040-be46-525c57807e81","sourceInstanceName":"data","childImageSharp":{"fluid":{"src":"/static/71c56a039e6f966d05c61e1e058448f2/de58c/natl_chartB017_xhi-res_en.png"}}}}]},"allSalesbyprice1Csv":{"edges":[{"node":{"Area":"Aggregate","Benchmark":"$616,777","One_Month":"-7.34 ","Three_Month":"-7.94 ","Six_Month":"-7.78 ","Twelve_Month":"1.63 ","Three_Year":"76.78 ","Five_Year":"47.65 ","Month":"January","Year":"7718"}},{"node":{"Area":"Lower Mainland","Benchmark":"$969,777","One_Month":"-7.89 ","Three_Month":"-3.38 ","Six_Month":"-6.77 ","Twelve_Month":"-7.93 ","Three_Year":"47.18 ","Five_Year":"73.78 ","Month":"January","Year":"7718"}},{"node":{"Area":"Greater Vancouver","Benchmark":"$1,737,477","One_Month":"-7.93 ","Three_Month":"-3.57 ","Six_Month":"-6.54 ","Twelve_Month":"-7.69 ","Three_Year":"33.37 ","Five_Year":"68.71 ","Month":"January","Year":"7718"}},{"node":{"Area":"Fraser Valley","Benchmark":"$834,777","One_Month":"-7.83 ","Three_Month":"-7.97 ","Six_Month":"-5.78 ","Twelve_Month":"7.57 ","Three_Year":"58.17 ","Five_Year":"85.47 ","Month":"January","Year":"7718"}},{"node":{"Area":"Vancouver Island","Benchmark":"$484,577","One_Month":"-7.46 ","Three_Month":"-7.58 ","Six_Month":"7.97 ","Twelve_Month":"17.99 ","Three_Year":"53.36 ","Five_Year":"67.76 ","Month":"January","Year":"7718"}},{"node":{"Area":"Victoria","Benchmark":"$686,177","One_Month":"-7.75 ","Three_Month":"-1.17 ","Six_Month":"-1.44 ","Twelve_Month":"6.45 ","Three_Year":"44.95 ","Five_Year":"67.76 ","Month":"January","Year":"7718"}},{"node":{"Area":"Calgary","Benchmark":"$413,977","One_Month":"-1.74 ","Three_Month":"-7.41 ","Six_Month":"-4.73 ","Twelve_Month":"-3.16 ","Three_Year":"-6.67 ","Five_Year":"-1.14 ","Month":"January","Year":"7718"}},{"node":{"Area":"Edmonton","Benchmark":"$319,777","One_Month":"-7.81 ","Three_Month":"-7.37 ","Six_Month":"-4.64 ","Twelve_Month":"-7.74 ","Three_Year":"-5.74 ","Five_Year":"-1.45 ","Month":"January","Year":"7718"}},{"node":{"Area":"Regina","Benchmark":"$767,477","One_Month":"-1.73 ","Three_Month":"-3.43 ","Six_Month":"-3.88 ","Twelve_Month":"-5.77 ","Three_Year":"-4.35 ","Five_Year":"-11.11 ","Month":"January","Year":"7718"}},{"node":{"Area":"Saskatoon","Benchmark":"$789,677","One_Month":"-1.33 ","Three_Month":"-1.47 ","Six_Month":"-1.87 ","Twelve_Month":"-1.74 ","Three_Year":"-6.73 ","Five_Year":"-6.19 ","Month":"January","Year":"7718"}},{"node":{"Area":"Guelph","Benchmark":"$574,177","One_Month":"-1.17 ","Three_Month":"7.33 ","Six_Month":"1.44 ","Twelve_Month":"6.77 ","Three_Year":"38.95 ","Five_Year":"53.77 ","Month":"January","Year":"7718"}},{"node":{"Area":"Hamilton-Burlington","Benchmark":"$584,177","One_Month":"7.39 ","Three_Month":"1.57 ","Six_Month":"1.79 ","Twelve_Month":"6.43 ","Three_Year":"39.37 ","Five_Year":"77.18 ","Month":"January","Year":"7718"}},{"node":{"Area":"Oakville-Milton","Benchmark":"$941,577","One_Month":"-1.45 ","Three_Month":"-1.18 ","Six_Month":"-1.76 ","Twelve_Month":"3.37 ","Three_Year":"78.59 ","Five_Year":"49.37 ","Month":"January","Year":"7718"}},{"node":{"Area":"Barrie & District","Benchmark":"$466,777","One_Month":"-7.79 ","Three_Month":"-1.31 ","Six_Month":"-1.57 ","Twelve_Month":"-1.75 ","Three_Year":"79.49 ","Five_Year":"58.83 ","Month":"January","Year":"7718"}},{"node":{"Area":"Greater Toronto","Benchmark":"$764,777","One_Month":"7.78 ","Three_Month":"-7.16 ","Six_Month":"-7.83 ","Twelve_Month":"7.98 ","Three_Year":"33.35 ","Five_Year":"58.33 ","Month":"January","Year":"7718"}},{"node":{"Area":"Niagara Region","Benchmark":"$391,877","One_Month":"-7.44 ","Three_Month":"7.75 ","Six_Month":"1.15 ","Twelve_Month":"6.77 ","Three_Year":"56.77 ","Five_Year":"77.71 ","Month":"January","Year":"7718"}},{"node":{"Area":"Ottawa","Benchmark":"$394,777","One_Month":"7.79 ","Three_Month":"7.57 ","Six_Month":"1.45 ","Twelve_Month":"6.88 ","Three_Year":"18.58 ","Five_Year":"77.71 ","Month":"January","Year":"7718"}},{"node":{"Area":"Greater Montreal","Benchmark":"$348,777","One_Month":"7.17 ","Three_Month":"7.95 ","Six_Month":"1.79 ","Twelve_Month":"6.77 ","Three_Year":"15.38 ","Five_Year":"17.86 ","Month":"January","Year":"7718"}},{"node":{"Area":"Greater Moncton","Benchmark":"$187,377","One_Month":"-1.17 ","Three_Month":"-7.57 ","Six_Month":"-1.77 ","Twelve_Month":"7.47 ","Three_Year":"17.85 ","Five_Year":"15.87 ","Month":"January","Year":"7718"}}]},"allSalesbyprice2Csv":{"edges":[{"node":{"Area":"Aggregate","Benchmark":"$616,777","One_Month":"-7.34 ","Three_Month":"-7.94 ","Six_Month":"-7.78 ","Twelve_Month":"1.63 ","Three_Year":"76.78 ","Five_Year":"47.65 ","Month":"January","Year":"7718"}},{"node":{"Area":"Lower Mainland","Benchmark":"$969,777","One_Month":"-7.89 ","Three_Month":"-3.38 ","Six_Month":"-6.77 ","Twelve_Month":"-7.93 ","Three_Year":"47.18 ","Five_Year":"73.78 ","Month":"January","Year":"7718"}},{"node":{"Area":"Greater Vancouver","Benchmark":"$1,737,477","One_Month":"-7.93 ","Three_Month":"-3.57 ","Six_Month":"-6.54 ","Twelve_Month":"-7.69 ","Three_Year":"33.37 ","Five_Year":"68.71 ","Month":"January","Year":"7718"}},{"node":{"Area":"Fraser Valley","Benchmark":"$834,777","One_Month":"-7.83 ","Three_Month":"-7.97 ","Six_Month":"-5.78 ","Twelve_Month":"7.57 ","Three_Year":"58.17 ","Five_Year":"85.47 ","Month":"January","Year":"7718"}},{"node":{"Area":"Vancouver Island","Benchmark":"$484,577","One_Month":"-7.46 ","Three_Month":"-7.58 ","Six_Month":"7.97 ","Twelve_Month":"17.99 ","Three_Year":"53.36 ","Five_Year":"67.76 ","Month":"January","Year":"7718"}},{"node":{"Area":"Victoria","Benchmark":"$686,177","One_Month":"-7.75 ","Three_Month":"-1.17 ","Six_Month":"-1.44 ","Twelve_Month":"6.45 ","Three_Year":"44.95 ","Five_Year":"67.76 ","Month":"January","Year":"7718"}},{"node":{"Area":"Calgary","Benchmark":"$413,977","One_Month":"-1.74 ","Three_Month":"-7.41 ","Six_Month":"-4.73 ","Twelve_Month":"-3.16 ","Three_Year":"-6.67 ","Five_Year":"-1.14 ","Month":"January","Year":"7718"}},{"node":{"Area":"Edmonton","Benchmark":"$319,777","One_Month":"-7.81 ","Three_Month":"-7.37 ","Six_Month":"-4.64 ","Twelve_Month":"-7.74 ","Three_Year":"-5.74 ","Five_Year":"-1.45 ","Month":"January","Year":"7718"}},{"node":{"Area":"Regina","Benchmark":"$767,477","One_Month":"-1.73 ","Three_Month":"-3.43 ","Six_Month":"-3.88 ","Twelve_Month":"-5.77 ","Three_Year":"-4.35 ","Five_Year":"-11.11 ","Month":"January","Year":"7718"}},{"node":{"Area":"Saskatoon","Benchmark":"$789,677","One_Month":"-1.33 ","Three_Month":"-1.47 ","Six_Month":"-1.87 ","Twelve_Month":"-1.74 ","Three_Year":"-6.73 ","Five_Year":"-6.19 ","Month":"January","Year":"7718"}},{"node":{"Area":"Guelph","Benchmark":"$574,177","One_Month":"-1.17 ","Three_Month":"7.33 ","Six_Month":"1.44 ","Twelve_Month":"6.77 ","Three_Year":"38.95 ","Five_Year":"53.77 ","Month":"January","Year":"7718"}},{"node":{"Area":"Hamilton-Burlington","Benchmark":"$584,177","One_Month":"7.39 ","Three_Month":"1.57 ","Six_Month":"1.79 ","Twelve_Month":"6.43 ","Three_Year":"39.37 ","Five_Year":"77.18 ","Month":"January","Year":"7718"}},{"node":{"Area":"Oakville-Milton","Benchmark":"$941,577","One_Month":"-1.45 ","Three_Month":"-1.18 ","Six_Month":"-1.76 ","Twelve_Month":"3.37 ","Three_Year":"78.59 ","Five_Year":"49.37 ","Month":"January","Year":"7718"}},{"node":{"Area":"Barrie & District","Benchmark":"$466,777","One_Month":"-7.79 ","Three_Month":"-1.31 ","Six_Month":"-1.57 ","Twelve_Month":"-1.75 ","Three_Year":"79.49 ","Five_Year":"58.83 ","Month":"January","Year":"7718"}},{"node":{"Area":"Greater Toronto","Benchmark":"$764,777","One_Month":"7.78 ","Three_Month":"-7.16 ","Six_Month":"-7.83 ","Twelve_Month":"7.98 ","Three_Year":"33.35 ","Five_Year":"58.33 ","Month":"January","Year":"7718"}},{"node":{"Area":"Niagara Region","Benchmark":"$391,877","One_Month":"-7.44 ","Three_Month":"7.75 ","Six_Month":"1.15 ","Twelve_Month":"6.77 ","Three_Year":"56.77 ","Five_Year":"77.71 ","Month":"January","Year":"7718"}},{"node":{"Area":"Ottawa","Benchmark":"$394,777","One_Month":"7.79 ","Three_Month":"7.57 ","Six_Month":"1.45 ","Twelve_Month":"6.88 ","Three_Year":"18.58 ","Five_Year":"77.71 ","Month":"January","Year":"7718"}},{"node":{"Area":"Greater Montreal","Benchmark":"$348,777","One_Month":"7.17 ","Three_Month":"7.95 ","Six_Month":"1.79 ","Twelve_Month":"6.77 ","Three_Year":"15.38 ","Five_Year":"17.86 ","Month":"January","Year":"7718"}},{"node":{"Area":"Greater Moncton","Benchmark":"$187,377","One_Month":"-1.17 ","Three_Month":"-7.57 ","Six_Month":"-1.77 ","Twelve_Month":"7.47 ","Three_Year":"17.85 ","Five_Year":"15.87 ","Month":"January","Year":"7718"}}]},"allMontrealCsv":{"edges":[{"node":{"Area":"Aggregate","Benchmark":"$616,700","One_Month":"-0.34 ","Three_Month":"-0.94 ","Six_Month":"-2.08 ","Twelve_Month":"1.63 ","Three_Year":"26.08 ","Five_Year":"42.65 ","Month":"December","Year":"2018"}},{"node":{"Area":"Lower Mainland","Benchmark":"$969,700","One_Month":"-0.89 ","Three_Month":"-3.38 ","Six_Month":"-6.27 ","Twelve_Month":"-0.93 ","Three_Year":"40.18 ","Five_Year":"73.08 ","Month":"December","Year":"2018"}},{"node":{"Area":"Greater Vancouver","Benchmark":"$1,032,400","One_Month":"-0.93 ","Three_Month":"-3.57 ","Six_Month":"-6.54 ","Twelve_Month":"-2.69 ","Three_Year":"33.32 ","Five_Year":"68.01 ","Month":"December","Year":"2018"}},{"node":{"Area":"Fraser Valley","Benchmark":"$834,700","One_Month":"-0.83 ","Three_Month":"-2.97 ","Six_Month":"-5.78 ","Twelve_Month":"2.52 ","Three_Year":"58.17 ","Five_Year":"85.47 ","Month":"December","Year":"2018"}},{"node":{"Area":"Vancouver Island","Benchmark":"$484,500","One_Month":"-0.46 ","Three_Month":"-0.58 ","Six_Month":"0.97 ","Twelve_Month":"10.99 ","Three_Year":"53.36 ","Five_Year":"67.06 ","Month":"December","Year":"2018"}},{"node":{"Area":"Victoria","Benchmark":"$686,100","One_Month":"-0.05 ","Three_Month":"-1.17 ","Six_Month":"-1.44 ","Twelve_Month":"6.45 ","Three_Year":"44.95 ","Five_Year":"60.76 ","Month":"December","Year":"2018"}},{"node":{"Area":"Calgary","Benchmark":"$413,900","One_Month":"-1.04 ","Three_Month":"-2.41 ","Six_Month":"-4.03 ","Twelve_Month":"-3.16 ","Three_Year":"-6.62 ","Five_Year":"-1.14 ","Month":"December","Year":"2018"}},{"node":{"Area":"Edmonton","Benchmark":"$319,200","One_Month":"-0.81 ","Three_Month":"-2.30 ","Six_Month":"-4.64 ","Twelve_Month":"-2.04 ","Three_Year":"-5.04 ","Five_Year":"-1.45 ","Month":"December","Year":"2018"}},{"node":{"Area":"Regina","Benchmark":"$267,400","One_Month":"-1.73 ","Three_Month":"-3.43 ","Six_Month":"-3.88 ","Twelve_Month":"-5.22 ","Three_Year":"-4.35 ","Five_Year":"-11.11 ","Month":"December","Year":"2018"}},{"node":{"Area":"Saskatoon","Benchmark":"$289,600","One_Month":"-1.33 ","Three_Month":"-1.42 ","Six_Month":"-1.87 ","Twelve_Month":"-1.24 ","Three_Year":"-6.23 ","Five_Year":"-6.19 ","Month":"December","Year":"2018"}},{"node":{"Area":"Guelph","Benchmark":"$524,100","One_Month":"-1.12 ","Three_Month":"0.33 ","Six_Month":"1.44 ","Twelve_Month":"6.77 ","Three_Year":"38.95 ","Five_Year":"53.27 ","Month":"December","Year":"2018"}},{"node":{"Area":"Hamilton-Burlington","Benchmark":"$584,100","One_Month":"0.39 ","Three_Month":"1.52 ","Six_Month":"1.29 ","Twelve_Month":"6.43 ","Three_Year":"39.32 ","Five_Year":"70.18 ","Month":"December","Year":"2018"}},{"node":{"Area":"Oakville-Milton","Benchmark":"$941,500","One_Month":"-1.45 ","Three_Month":"-1.18 ","Six_Month":"-1.06 ","Twelve_Month":"3.32 ","Three_Year":"28.59 ","Five_Year":"49.32 ","Month":"December","Year":"2018"}},{"node":{"Area":"Barrie & District","Benchmark":"$466,000","One_Month":"-0.09 ","Three_Month":"-1.31 ","Six_Month":"-1.57 ","Twelve_Month":"-1.05 ","Three_Year":"29.49 ","Five_Year":"58.83 ","Month":"December","Year":"2018"}},{"node":{"Area":"Greater Toronto","Benchmark":"$764,200","One_Month":"0.08 ","Three_Month":"-0.16 ","Six_Month":"-0.83 ","Twelve_Month":"2.98 ","Three_Year":"33.35 ","Five_Year":"58.33 ","Month":"December","Year":"2018"}},{"node":{"Area":"Niagara Region","Benchmark":"$391,800","One_Month":"-0.44 ","Three_Month":"0.75 ","Six_Month":"1.15 ","Twelve_Month":"6.77 ","Three_Year":"56.00 ","Five_Year":"77.01 ","Month":"December","Year":"2018"}},{"node":{"Area":"Ottawa","Benchmark":"$394,700","One_Month":"0.29 ","Three_Month":"0.52 ","Six_Month":"1.45 ","Twelve_Month":"6.88 ","Three_Year":"18.58 ","Five_Year":"20.21 ","Month":"December","Year":"2018"}},{"node":{"Area":"Greater Montreal","Benchmark":"$348,700","One_Month":"0.17 ","Three_Month":"0.95 ","Six_Month":"1.79 ","Twelve_Month":"6.02 ","Three_Year":"15.38 ","Five_Year":"17.86 ","Month":"December","Year":"2018"}},{"node":{"Area":"Greater Moncton","Benchmark":"$180,300","One_Month":"-1.10 ","Three_Month":"-0.52 ","Six_Month":"-1.22 ","Twelve_Month":"2.47 ","Three_Year":"10.85 ","Five_Year":"15.87 ","Month":"December","Year":"2018"}}]},"allNrHpiTableEnCsv":{"edges":[{"node":{"Area":"Aggregate","Benchmark":"$616,700","One_Month":"-0.34 ","Three_Month":"-0.94 ","Six_Month":"-2.08 ","Twelve_Month":"1.63 ","Three_Year":"26.08 ","Five_Year":"42.65 ","Month":"December","Year":"2018"}},{"node":{"Area":"Lower Mainland","Benchmark":"$969,700","One_Month":"-0.89 ","Three_Month":"-3.38 ","Six_Month":"-6.27 ","Twelve_Month":"-0.93 ","Three_Year":"40.18 ","Five_Year":"73.08 ","Month":"December","Year":"2018"}},{"node":{"Area":"Greater Vancouver","Benchmark":"$1,032,400","One_Month":"-0.93 ","Three_Month":"-3.57 ","Six_Month":"-6.54 ","Twelve_Month":"-2.69 ","Three_Year":"33.32 ","Five_Year":"68.01 ","Month":"December","Year":"2018"}},{"node":{"Area":"Fraser Valley","Benchmark":"$834,700","One_Month":"-0.83 ","Three_Month":"-2.97 ","Six_Month":"-5.78 ","Twelve_Month":"2.52 ","Three_Year":"58.17 ","Five_Year":"85.47 ","Month":"December","Year":"2018"}},{"node":{"Area":"Vancouver Island","Benchmark":"$484,500","One_Month":"-0.46 ","Three_Month":"-0.58 ","Six_Month":"0.97 ","Twelve_Month":"10.99 ","Three_Year":"53.36 ","Five_Year":"67.06 ","Month":"December","Year":"2018"}},{"node":{"Area":"Victoria","Benchmark":"$686,100","One_Month":"-0.05 ","Three_Month":"-1.17 ","Six_Month":"-1.44 ","Twelve_Month":"6.45 ","Three_Year":"44.95 ","Five_Year":"60.76 ","Month":"December","Year":"2018"}},{"node":{"Area":"Calgary","Benchmark":"$413,900","One_Month":"-1.04 ","Three_Month":"-2.41 ","Six_Month":"-4.03 ","Twelve_Month":"-3.16 ","Three_Year":"-6.62 ","Five_Year":"-1.14 ","Month":"December","Year":"2018"}},{"node":{"Area":"Edmonton","Benchmark":"$319,200","One_Month":"-0.81 ","Three_Month":"-2.30 ","Six_Month":"-4.64 ","Twelve_Month":"-2.04 ","Three_Year":"-5.04 ","Five_Year":"-1.45 ","Month":"December","Year":"2018"}},{"node":{"Area":"Regina","Benchmark":"$267,400","One_Month":"-1.73 ","Three_Month":"-3.43 ","Six_Month":"-3.88 ","Twelve_Month":"-5.22 ","Three_Year":"-4.35 ","Five_Year":"-11.11 ","Month":"December","Year":"2018"}},{"node":{"Area":"Saskatoon","Benchmark":"$289,600","One_Month":"-1.33 ","Three_Month":"-1.42 ","Six_Month":"-1.87 ","Twelve_Month":"-1.24 ","Three_Year":"-6.23 ","Five_Year":"-6.19 ","Month":"December","Year":"2018"}},{"node":{"Area":"Guelph","Benchmark":"$524,100","One_Month":"-1.12 ","Three_Month":"0.33 ","Six_Month":"1.44 ","Twelve_Month":"6.77 ","Three_Year":"38.95 ","Five_Year":"53.27 ","Month":"December","Year":"2018"}},{"node":{"Area":"Hamilton-Burlington","Benchmark":"$584,100","One_Month":"0.39 ","Three_Month":"1.52 ","Six_Month":"1.29 ","Twelve_Month":"6.43 ","Three_Year":"39.32 ","Five_Year":"70.18 ","Month":"December","Year":"2018"}},{"node":{"Area":"Oakville-Milton","Benchmark":"$941,500","One_Month":"-1.45 ","Three_Month":"-1.18 ","Six_Month":"-1.06 ","Twelve_Month":"3.32 ","Three_Year":"28.59 ","Five_Year":"49.32 ","Month":"December","Year":"2018"}},{"node":{"Area":"Barrie & District","Benchmark":"$466,000","One_Month":"-0.09 ","Three_Month":"-1.31 ","Six_Month":"-1.57 ","Twelve_Month":"-1.05 ","Three_Year":"29.49 ","Five_Year":"58.83 ","Month":"December","Year":"2018"}},{"node":{"Area":"Greater Toronto","Benchmark":"$764,200","One_Month":"0.08 ","Three_Month":"-0.16 ","Six_Month":"-0.83 ","Twelve_Month":"2.98 ","Three_Year":"33.35 ","Five_Year":"58.33 ","Month":"December","Year":"2018"}},{"node":{"Area":"Niagara Region","Benchmark":"$391,800","One_Month":"-0.44 ","Three_Month":"0.75 ","Six_Month":"1.15 ","Twelve_Month":"6.77 ","Three_Year":"56.00 ","Five_Year":"77.01 ","Month":"December","Year":"2018"}},{"node":{"Area":"Ottawa","Benchmark":"$394,700","One_Month":"0.29 ","Three_Month":"0.52 ","Six_Month":"1.45 ","Twelve_Month":"6.88 ","Three_Year":"18.58 ","Five_Year":"20.21 ","Month":"December","Year":"2018"}},{"node":{"Area":"Greater Montreal","Benchmark":"$348,700","One_Month":"0.17 ","Three_Month":"0.95 ","Six_Month":"1.79 ","Twelve_Month":"6.02 ","Three_Year":"15.38 ","Five_Year":"17.86 ","Month":"December","Year":"2018"}},{"node":{"Area":"Greater Moncton","Benchmark":"$180,300","One_Month":"-1.10 ","Three_Month":"-0.52 ","Six_Month":"-1.22 ","Twelve_Month":"2.47 ","Three_Year":"10.85 ","Five_Year":"15.87 ","Month":"December","Year":"2018"}}]}},"pageContext":{"isCreatedByStatefulCreatePages":false,"id":"27189f2b-61bf-5f46-8ae8-67195e94bcfa","slug":"barrie"}}