{"data":{"site":{"siteMetadata":{"languages":{"defaultLangKey":"en-US","langs":["en-US","fr-CA"]}}},"ca":{"edges":[{"node":{"title":"Stats","id":"9ecadd15-13b9-5196-b092-e812061a4e50","contentful_id":"1o4EV1DoHc7TRa0EmfyDdm","node_locale":"en-US","headline":"Canadian home sales improve in January 2019","slug":"canadian-home-sales-improve-in-january-2019","chartA":{"fixed":{"src":"//images.ctfassets.net/gm6df3h7p862/kQsrw7pwhGESuEeF4kSTQ/caae6b18d84a521cd490453e5825a472/natl_chart_of_interest01_xhi-res_en.png?w=1079&h=740&q=50&fit=fill","width":1079,"height":740,"srcSet":"//images.ctfassets.net/gm6df3h7p862/kQsrw7pwhGESuEeF4kSTQ/caae6b18d84a521cd490453e5825a472/natl_chart_of_interest01_xhi-res_en.png?w=1079&h=740&q=50&fit=fill 1x"},"fluid":{"aspectRatio":1.4581081081081082,"srcSet":"//images.ctfassets.net/gm6df3h7p862/kQsrw7pwhGESuEeF4kSTQ/caae6b18d84a521cd490453e5825a472/natl_chart_of_interest01_xhi-res_en.png?w=270&h=185&q=50 270w,\n//images.ctfassets.net/gm6df3h7p862/kQsrw7pwhGESuEeF4kSTQ/caae6b18d84a521cd490453e5825a472/natl_chart_of_interest01_xhi-res_en.png?w=540&h=370&q=50 540w,\n//images.ctfassets.net/gm6df3h7p862/kQsrw7pwhGESuEeF4kSTQ/caae6b18d84a521cd490453e5825a472/natl_chart_of_interest01_xhi-res_en.png?w=1079&h=740&q=50 1079w","src":"//images.ctfassets.net/gm6df3h7p862/kQsrw7pwhGESuEeF4kSTQ/caae6b18d84a521cd490453e5825a472/natl_chart_of_interest01_xhi-res_en.png?w=1079&h=740&q=50"}},"chartB":{"fixed":{"src":"//images.ctfassets.net/gm6df3h7p862/5KWokHJZq6QAzNmK8ukjez/28b95d776cb24dc3f7247f3fc3f45d1d/natl_chart_of_interest03_xhi-res_en.png?w=1079&h=740&q=50&fit=fill","width":1079,"height":740,"srcSet":"//images.ctfassets.net/gm6df3h7p862/5KWokHJZq6QAzNmK8ukjez/28b95d776cb24dc3f7247f3fc3f45d1d/natl_chart_of_interest03_xhi-res_en.png?w=1079&h=740&q=50&fit=fill 1x"},"fluid":{"aspectRatio":1.4581081081081082,"srcSet":"//images.ctfassets.net/gm6df3h7p862/5KWokHJZq6QAzNmK8ukjez/28b95d776cb24dc3f7247f3fc3f45d1d/natl_chart_of_interest03_xhi-res_en.png?w=270&h=185&q=50 270w,\n//images.ctfassets.net/gm6df3h7p862/5KWokHJZq6QAzNmK8ukjez/28b95d776cb24dc3f7247f3fc3f45d1d/natl_chart_of_interest03_xhi-res_en.png?w=540&h=370&q=50 540w,\n//images.ctfassets.net/gm6df3h7p862/5KWokHJZq6QAzNmK8ukjez/28b95d776cb24dc3f7247f3fc3f45d1d/natl_chart_of_interest03_xhi-res_en.png?w=1079&h=740&q=50 1079w","src":"//images.ctfassets.net/gm6df3h7p862/5KWokHJZq6QAzNmK8ukjez/28b95d776cb24dc3f7247f3fc3f45d1d/natl_chart_of_interest03_xhi-res_en.png?w=1079&h=740&q=50"}},"publishDate":"2019-02-25T00:00","mainContent":{"childMarkdownRemark":{"html":"<p><strong>Ottawa, ON, February 15, 2019</strong> - Statistics[1] released today by The Canadian Real Estate Association (CREA) show national home sales in January 2019 were up from the previous month but remained below levels recorded one year ago.</p>\n<h3>HIGHLIGHTS:</h3>\n<ul>\n<li><strong>National home sales rose 3.6% between December 2018 and January 2019.</strong></li>\n<li><strong>Actual (not seasonally adjusted) activity was down by 4% from one year ago.</strong></li>\n<li><strong>The number of newly listed homes edged up 1% month-over-month in January.</strong></li>\n<li><strong>The MLS® Home Price Index (HPI) rose 0.8% year-over-year (y-o-y) in January.</strong></li>\n<li><strong>The national average sale price fell by 5.5% y-o-y in January.</strong></li>\n</ul>\n<p>Home sales via Canadian MLS® Systems climbed 3.6% in January 2019 compared to December 2018 (Chart A). The number of homes trading hands was up from the previous month in half of all local markets, led by Montreal, Ottawa and Winnipeg.</p>\n<p>Actual (not seasonally adjusted) were down 4% from year-ago levels and turned in the\nweakest January since 2015. They also came in below the 10-year average for the\nmonth on a national basis and in Canada’s three westernmost provinces, Ontario and\nNewfoundland &#x26; Labrador.</p>"}},"contentB":{"childContentfulRichText":{"html":"<p>“Homebuyers are still adapting to tightened mortgage regulations brought in last year, “said CREA President Barb Sukkau. “However, their impact on homebuyers varies by location, housing type and price segment. All real estate is local. A professional REALTOR® remains your best source for information and guidance in negotiating the purchase or sale of a home during these changing times,” added Sukkau.</p><p>“Sales, market balance and home price trends are out of synch among major Canadian cities that have the greatest impact on national results,” said Gregory Klump, CREA’s Chief Economist. “It’s clear that housing market conditions remain weaker in the Prairie region and the Lower Mainland of British Columbia. Notwithstanding the intended consequences, tighter mortgage regulations that took effect in 2018 combined with previous tightening will weigh on economic growth this year.”</p><p>The number of newly listed homes edged up 1% in January, led by a jump in new supply in Greater Vancouver and Hamilton-Burlington.</p><p>With sales up by more than new listings, the national sales-to-new listings ratio tightened to 56.7% compared to 55.3% posted in December. This measure of market balance has remained close to its long-term average of 53.5% for the last year.</p><p>Considering the degree and duration to which market balance readings are above or below their long-term averages is the best way of gauging whether local housing market conditions favour buyers or sellers. Market balance measures that are within one standard deviation of their long-term average are generally consistent with balanced market conditions.</p><p>Based on a comparison of the sales-to-new listings ratio with the long-term average, more than half of all local markets were in balanced market territory in January 2019.</p><p>The number of months of inventory is another important measure for the balance between sales and the supply of listings. It represents how long it would take to liquidate current inventories at the current rate of sales activity.</p><p>There were 5.3 months of inventory on a national basis at the end of January 2019, in line with its long-term average. That said, the well-balanced national reading masks significant regional differences. The number of months of inventory has swollen far above its long-term average in Prairie provinces and Newfoundland &amp; Labrador; as a result, homebuyers there have an ample choice of listings available for purchase. By contrast, the measure remains well below its long-term average in Ontario and Prince Edward Island, consistent with seller’s market conditions. In other provinces, sales and inventory are more balanced.</p><p>The Aggregate Composite MLS® Home Price Index (MLS® HPI) was up 0.8% y-o-y in January 2019 – the smallest increase since June 2018 (Chart B).</p>"}},"contentC":{"childContentfulRichText":{"html":"<p>Apartment units recorded the largest y-o-y price increase in January (+3.3%), followed by townhouse/row units (+1.5%). By comparison, two-storey single-family home prices were little changed (+0.1%) while one-storey single-family home prices edged down (-1.1%).</p><p>Trends continue to vary widely among the 17 housing markets tracked by the MLS® HPI. Results were mixed in British Columbia. Prices were down on a y-o-y basis in Greater\nVancouver (-4.5%) and the Fraser Valley (-0.8%). By contrast, prices posted a y-o-y increase of 4.2% in Victoria and were up 9.3% elsewhere on Vancouver Island.</p><p>Among Greater Golden Horseshoe housing markets tracked by the index, MLS® HPI benchmark home prices were up from year-ago levels in Guelph (+7.2%), the Niagara Region (+7%), Hamilton-Burlington (+5%), Oakville-Milton (+3.9%) and the GTA (+2.7%). By contrast, home prices in Barrie and District remain below year-ago levels (-2.7%).</p><p>Across the Prairies, supply is historically elevated relative to sales, causing benchmark home prices to remain down from year-ago levels in Calgary (-3.9%), Edmonton (-2.9%), Regina (-3.8%) and Saskatoon (-2%). The home pricing environment will likely remain weak in these cities until elevated supply is reduced.</p><p>Home prices rose 7.1% y-o-y in Ottawa (led by a 9.5% increase in townhouse/row unit prices), 6.3% in Greater Montreal (led by a 9.2% increase in townhouse/row unit prices) and 1% in Greater Moncton (led by a 15.1% increase in townhouse/row unit prices). (Table 1)</p><p>The MLS® HPI provides the best way to gauge price trends, as averages are strongly distorted by changes in the mix of sales activity from one month to the next.</p><p>The actual (not seasonally adjusted) national average price for homes sold in January 2019 was\njust under $455,000, down 5.5% from the same month in 2018 and marking the biggest year-over-year decline since May 2018.</p><p>The national average price is heavily skewed by sales in Greater Vancouver and the GTA, two of Canada’s most active and expensive markets. Excluding these two markets from calculations cuts almost $95,000 from the national average price, trimming it to just over $360,000.</p>"}}}},{"node":{"title":"National Stats","id":"4a831133-0961-5067-9a21-10654fcc662b","contentful_id":"3h0bvSPwRWOE4cc0SU4iWG","node_locale":"en-US","headline":"Canadian home sales increase in Nov","slug":"canadian-home-sales-increase-in-december","chartA":{"fixed":{"src":"//images.ctfassets.net/gm6df3h7p862/1gGhAfddTNEhGLpp3unbfG/0edcfe960391839dcdb8f52ea1c00171/natl_chart_of_interest01_xhi-res_en.png?w=1079&h=740&q=50&fit=fill","width":1079,"height":740,"srcSet":"//images.ctfassets.net/gm6df3h7p862/1gGhAfddTNEhGLpp3unbfG/0edcfe960391839dcdb8f52ea1c00171/natl_chart_of_interest01_xhi-res_en.png?w=1079&h=740&q=50&fit=fill 1x"},"fluid":{"aspectRatio":1.4581081081081082,"srcSet":"//images.ctfassets.net/gm6df3h7p862/1gGhAfddTNEhGLpp3unbfG/0edcfe960391839dcdb8f52ea1c00171/natl_chart_of_interest01_xhi-res_en.png?w=270&h=185&q=50 270w,\n//images.ctfassets.net/gm6df3h7p862/1gGhAfddTNEhGLpp3unbfG/0edcfe960391839dcdb8f52ea1c00171/natl_chart_of_interest01_xhi-res_en.png?w=540&h=370&q=50 540w,\n//images.ctfassets.net/gm6df3h7p862/1gGhAfddTNEhGLpp3unbfG/0edcfe960391839dcdb8f52ea1c00171/natl_chart_of_interest01_xhi-res_en.png?w=1079&h=740&q=50 1079w","src":"//images.ctfassets.net/gm6df3h7p862/1gGhAfddTNEhGLpp3unbfG/0edcfe960391839dcdb8f52ea1c00171/natl_chart_of_interest01_xhi-res_en.png?w=1079&h=740&q=50"}},"chartB":{"fixed":{"src":"//images.ctfassets.net/gm6df3h7p862/4tBYW9AOJWEiKwQAaOw4a2/070e5ebe4b482510275863e8bd1c9c0d/natl_chart_of_interest03_xhi-res_en.png?w=1079&h=740&q=50&fit=fill","width":1079,"height":740,"srcSet":"//images.ctfassets.net/gm6df3h7p862/4tBYW9AOJWEiKwQAaOw4a2/070e5ebe4b482510275863e8bd1c9c0d/natl_chart_of_interest03_xhi-res_en.png?w=1079&h=740&q=50&fit=fill 1x"},"fluid":{"aspectRatio":1.4581081081081082,"srcSet":"//images.ctfassets.net/gm6df3h7p862/4tBYW9AOJWEiKwQAaOw4a2/070e5ebe4b482510275863e8bd1c9c0d/natl_chart_of_interest03_xhi-res_en.png?w=270&h=185&q=50 270w,\n//images.ctfassets.net/gm6df3h7p862/4tBYW9AOJWEiKwQAaOw4a2/070e5ebe4b482510275863e8bd1c9c0d/natl_chart_of_interest03_xhi-res_en.png?w=540&h=370&q=50 540w,\n//images.ctfassets.net/gm6df3h7p862/4tBYW9AOJWEiKwQAaOw4a2/070e5ebe4b482510275863e8bd1c9c0d/natl_chart_of_interest03_xhi-res_en.png?w=1079&h=740&q=50 1079w","src":"//images.ctfassets.net/gm6df3h7p862/4tBYW9AOJWEiKwQAaOw4a2/070e5ebe4b482510275863e8bd1c9c0d/natl_chart_of_interest03_xhi-res_en.png?w=1079&h=740&q=50"}},"publishDate":"2019-02-04T00:00","mainContent":{"childMarkdownRemark":{"html":"<p><strong>Ottawa, ON, December 17, 2018</strong> - Statistics[1] released today by The Canadian Real Estate Association (CREA) show national home sales posted another monthly decline in November 2018.</p>\n<h3>HIGHLIGHTS:</h3>\n<ul>\n<li><strong>National home sales fell 2.3% from October to November.</strong></li>\n<li><strong>Actual (not seasonally adjusted) activity was down by 12.6% from one year ago.</strong></li>\n<li><strong>The number of newly listed homes declined by 3.3% from October to November.</strong></li>\n<li><strong>The MLS® Home Price Index (HPI) was up 2% year-over-year (y-o-y) in November.</strong></li>\n<li><strong>The national average sale price retreated by 2.9% y-o-y in November.</strong></li>\n</ul>\n<p>Lorem Ipsum is simply dummy text of the printing and typesetting industry. Lorem Ipsum has been the industry's standard dummy text ever since the 1500s, when an unknown printer took a galley of type and scrambled it to make a type specimen book. It has survived not only five centuries, but also the leap into electronic typesetting, remaining essentially unchanged. It was popularised in the 1960s with the release of Letraset sheets containing Lorem Ipsum passages, and more recently with desktop publishing software like Aldus PageMaker including versions of Lorem Ipsum.</p>\n<p>Lorem Ipsum is simply dummy text of the printing and typesetting industry. Lorem Ipsum has been the industry's standard dummy text ever since the 1500s, when an unknown printer took a galley of type and scrambled it to make a type specimen book. It has survived not only five centuries, but also the leap into electronic typesetting, remaining essentially unchanged. It was popularised in the 1960s with the release of Letraset sheets containing Lorem Ipsum passages, and more recently with desktop publishing software like Aldus PageMaker including versions of Lorem Ipsum.</p>"}},"contentB":{"childContentfulRichText":{"html":"<p>The number of newly listed homes fell by 3.3% between October and November, with new supply declining in roughly 70% of all local markets.</p><p>With new listings having declined by more than sales in November, the national sales-to-new listings ratio tightened slightly to 54.8% compared to 54.2% in October. This measure of market balance has remained close to its long-term average of 53.4% since the beginning of 2018.</p><p>Considering the degree and duration to which market balance readings are above or below their long-term averages is the best way of gauging whether local housing market conditions favour buyers or sellers. Market balance measures that are within one standard deviation of their long-term average are generally consistent with balanced market conditions.</p><p>Based on a comparison of the sales-to-new listings ratio with the long-term average, about 60% of all local markets were in balanced market territory in November 2018.</p><p>The number of months of inventory is another important measure for the balance between sales and the supply of listings. It represents how long it would take to liquidate current inventories at the current rate of sales activity.</p><p>There were 5.4 months of inventory on a national basis at the end of November 2018. While this remains in line with its long-term average of 5.3 months, the number of months of inventory is well\nabove its long-term average in the Prairie provinces as well as in Newfoundland &amp; Labrador. By contrast, the measure is well below its long-term average in Ontario, New Brunswick and Prince Edward Island. In other provinces, sales and inventory are more balanced.</p><p>The Aggregate Composite MLS® Home Price Index (MLS® HPI) was up 2% y-o-y in November 2018. The increase is similar to gains posted since July.</p>"}},"contentC":{"childContentfulRichText":{"html":"<p>Among housing markets tracked by the index in the Greater Golden Horseshoe region, MLS® HPI benchmark home prices were up from year-ago levels in Guelph (+9.3%), the Niagara Region (+7.2%), Hamilton-Burlington (+6.3%), Oakville-Milton (+3.4%) and the GTA (+2.7%). Meanwhile, home prices in Barrie and District remain below year-ago levels (-2.1%).</p><p>Across the Prairies, benchmark home prices remained below year-ago levels in Calgary (-2.9%), Edmonton (-1.9%), Regina (-4%) and Saskatoon (-0.3%). Amid elevated supply relative to sales, the home pricing environment will remain weak in these housing markets until they become better balanced.</p><p>Home prices rose 6.6% y-o-y in Ottawa (led by a 7.3% increase in two-storey single-family home prices), 6.2% in Greater Montreal (led by a 9.4% increase in townhouse/row unit prices) and 4.2% in Greater Moncton (led by an 11.2% increase in townhouse/row unit prices). (Table 1)</p><p>The MLS® HPI provides the best way to gauge price trends because average price trends are strongly distorted by changes in the mix of sales activity from one month to the next.</p><p>The actual (not seasonally adjusted) national average price for homes sold in November 2018 was\njust over $488,000, down 2.9% from the same month last year.</p><p>The national average price is heavily skewed by sales in Greater Vancouver and the GTA, two of Canada&#39;s most active and expensive markets. Excluding these two markets from calculations cuts almost $110,000 from the national average price, trimming it to just over $378,000.</p>"}}}},{"node":{"title":"Do not delete - Dummy post","id":"c1b00e21-e8f2-5943-ba72-74c1239df34b","contentful_id":"4dq6QYVYMoUio8yQu4Gq4S","node_locale":"en-US","headline":"Do not delete - Dummy post","slug":"Do not delete - Dummy post","chartA":{"fixed":{"src":"//images.ctfassets.net/gm6df3h7p862/4AmZcBIrXaCKkyAGAGgoMG/8062f6c05d2dc7d4a02b8b089fa6195c/puppies.jpg?w=1079&h=740&q=50&fit=fill","width":1079,"height":740,"srcSet":"//images.ctfassets.net/gm6df3h7p862/4AmZcBIrXaCKkyAGAGgoMG/8062f6c05d2dc7d4a02b8b089fa6195c/puppies.jpg?w=1079&h=740&q=50&fit=fill 1x,\n//images.ctfassets.net/gm6df3h7p862/4AmZcBIrXaCKkyAGAGgoMG/8062f6c05d2dc7d4a02b8b089fa6195c/puppies.jpg?w=1619&h=1110&q=50&fit=fill 1.5x"},"fluid":{"aspectRatio":1.4581081081081082,"srcSet":"//images.ctfassets.net/gm6df3h7p862/4AmZcBIrXaCKkyAGAGgoMG/8062f6c05d2dc7d4a02b8b089fa6195c/puppies.jpg?w=270&h=185&q=50 270w,\n//images.ctfassets.net/gm6df3h7p862/4AmZcBIrXaCKkyAGAGgoMG/8062f6c05d2dc7d4a02b8b089fa6195c/puppies.jpg?w=540&h=370&q=50 540w,\n//images.ctfassets.net/gm6df3h7p862/4AmZcBIrXaCKkyAGAGgoMG/8062f6c05d2dc7d4a02b8b089fa6195c/puppies.jpg?w=1079&h=740&q=50 1079w,\n//images.ctfassets.net/gm6df3h7p862/4AmZcBIrXaCKkyAGAGgoMG/8062f6c05d2dc7d4a02b8b089fa6195c/puppies.jpg?w=1619&h=1110&q=50 1619w,\n//images.ctfassets.net/gm6df3h7p862/4AmZcBIrXaCKkyAGAGgoMG/8062f6c05d2dc7d4a02b8b089fa6195c/puppies.jpg?w=1800&h=1234&q=50 1800w","src":"//images.ctfassets.net/gm6df3h7p862/4AmZcBIrXaCKkyAGAGgoMG/8062f6c05d2dc7d4a02b8b089fa6195c/puppies.jpg?w=1079&h=740&q=50"}},"chartB":{"fixed":{"src":"//images.ctfassets.net/gm6df3h7p862/3Cx7CK6v3aCi0aKKqI04gm/1152f6302e2d810d1a80df033941d32a/catching-a-leaf.jpg?w=1079&h=740&q=50&fit=fill","width":1079,"height":740,"srcSet":"//images.ctfassets.net/gm6df3h7p862/3Cx7CK6v3aCi0aKKqI04gm/1152f6302e2d810d1a80df033941d32a/catching-a-leaf.jpg?w=1079&h=740&q=50&fit=fill 1x,\n//images.ctfassets.net/gm6df3h7p862/3Cx7CK6v3aCi0aKKqI04gm/1152f6302e2d810d1a80df033941d32a/catching-a-leaf.jpg?w=1619&h=1110&q=50&fit=fill 1.5x"},"fluid":{"aspectRatio":1.4581081081081082,"srcSet":"//images.ctfassets.net/gm6df3h7p862/3Cx7CK6v3aCi0aKKqI04gm/1152f6302e2d810d1a80df033941d32a/catching-a-leaf.jpg?w=270&h=185&q=50 270w,\n//images.ctfassets.net/gm6df3h7p862/3Cx7CK6v3aCi0aKKqI04gm/1152f6302e2d810d1a80df033941d32a/catching-a-leaf.jpg?w=540&h=370&q=50 540w,\n//images.ctfassets.net/gm6df3h7p862/3Cx7CK6v3aCi0aKKqI04gm/1152f6302e2d810d1a80df033941d32a/catching-a-leaf.jpg?w=1079&h=740&q=50 1079w,\n//images.ctfassets.net/gm6df3h7p862/3Cx7CK6v3aCi0aKKqI04gm/1152f6302e2d810d1a80df033941d32a/catching-a-leaf.jpg?w=1619&h=1110&q=50 1619w,\n//images.ctfassets.net/gm6df3h7p862/3Cx7CK6v3aCi0aKKqI04gm/1152f6302e2d810d1a80df033941d32a/catching-a-leaf.jpg?w=1800&h=1234&q=50 1800w","src":"//images.ctfassets.net/gm6df3h7p862/3Cx7CK6v3aCi0aKKqI04gm/1152f6302e2d810d1a80df033941d32a/catching-a-leaf.jpg?w=1079&h=740&q=50"}},"publishDate":"2018-12-22T00:00","mainContent":{"childMarkdownRemark":{"html":"<p>Do not delete - Dummy post</p>"}},"contentB":null,"contentC":{"childContentfulRichText":{"html":"<p>Do not delete - Dummy post</p>"}}}}]},"natltitle":{"edges":[{"node":{"title":"About","slug":"about","mainContent":{"childContentfulRichText":{"html":"<h3>ABOUT CREA STATS</h3><p>CREA compiles and analyzes numerous factors affecting the real estate market for the public, REALTORS® and governments. With the accurate, up-to-date information that CREA provides:</p><p>The public gets a snapshot of the Canadian housing market; REALTORS® can knowledgeably advise their clients; and Politicians and government policymakers can craft more effective legislation and regulations. Each month at midpoint, CREA provides its members, as well as the general public, with resale data from the previous months to inform members and the public.</p><h3>ABOUT CREA</h3><p>The Canadian Real Estate Association (CREA) is one of Canada&#39;s largest single-industry trade associations, representing more than 109,000 REALTORS® working through some 90 real estate Boards and Associations.</p><p>For more information about CREA visit CREA.ca.</p>"}},"contentful_id":"2WzwJAqfKd3QekqmJcKmli","node_locale":"en-US"}}]},"en":{"edges":[{"node":{"title":"Consumer Confidence","slug":"consumer-confidence","mainContent":{"childContentfulRichText":{"html":"<p>Home sales via Canadian MLS® Systems fell by 2.5% in December 2018 compared to November, capping the weakest annual sales since 2012. Monthly declines in activity since September have fully retrenched its summer rally and returned it near the lowest level since early 2013.\n ddd</p>"}},"contentful_id":"2k7dZil1MPa7B2vbqlNKlH","node_locale":"en-US"}},{"node":{"title":"Interest Rate Changes","slug":"interest-rate-changes","mainContent":{"childContentfulRichText":{"html":"<p>&quot;The Bank of Canada recently said that it expects housing activity will stay &#39;soft&#39; as households &#39;adjust to the mortgage stress-test and increases in mortgage rates,&#39; even as jobs and incomes continue growing,&quot; said Gregory Klump, CREA&#39;s Chief Economist. &quot;Indeed, the Bank&#39;s economic forecast shows it expects housing will undermine economic growth this year as the mortgage stress test has pushed home ownership affordability out of reach for some home buyers,&quot; he added.</p>"}},"contentful_id":"ZtDiHSNyWRJYz57YMk7aX","node_locale":"en-US"}},{"node":{"title":"Employment Trends","slug":"employment-trends","mainContent":{"childContentfulRichText":{"html":"<p>Lorem Ipsum is simply dummy text of the printing and typesetting industry. Lorem Ipsum has been the industry&#39;s standard dummy text ever since the 1500s, when an unknown printer took a galley of type and scrambled it to make a type specimen book. It has survived not only five centuries, but also the leap into electronic typesetting, remaining essentially unchanged. It was popularised in the 1960s with the release of Letraset sheets containing </p>"}},"contentful_id":"3Yj8RUXHGUebU2k1UfYnqT","node_locale":"en-US"}},{"node":{"title":"About","slug":"about","mainContent":{"childContentfulRichText":{"html":"<h3>ABOUT CREA STATS</h3><p>CREA compiles and analyzes numerous factors affecting the real estate market for the public, REALTORS® and governments. With the accurate, up-to-date information that CREA provides:</p><p>The public gets a snapshot of the Canadian housing market; REALTORS® can knowledgeably advise their clients; and Politicians and government policymakers can craft more effective legislation and regulations. Each month at midpoint, CREA provides its members, as well as the general public, with resale data from the previous months to inform members and the public.</p><h3>ABOUT CREA</h3><p>The Canadian Real Estate Association (CREA) is one of Canada&#39;s largest single-industry trade associations, representing more than 109,000 REALTORS® working through some 90 real estate Boards and Associations.</p><p>For more information about CREA visit CREA.ca.</p>"}},"contentful_id":"2WzwJAqfKd3QekqmJcKmli","node_locale":"en-US"}}]}},"pageContext":{"isCreatedByStatefulCreatePages":true,"slug":"/en-US/","langKey":"en-US"}}