{"data":{"contentfulMls":{"id":"ce710b40-b31b-5d9c-b039-b34a0f4ce681","title":"Victoria Category","slug":"victoria-category","boardName":null,"mainContent":null},"alberta":{"edges":[{"node":{"Area":"Aggregate","Benchmark":"$700 ","One_Month":"-0.34 ","Three_Month":"-0.94 ","Six_Month":"-2.08 ","Twelve_Month":"1.63 ","Three_Year":"26.08 ","Five_Year":"42.65 ","Month":"December","Year":"2017"}},{"node":{"Area":"Lower Mainland","Benchmark":"$700 ","One_Month":"-0.89 ","Three_Month":"-3.38 ","Six_Month":"-6.27 ","Twelve_Month":"-0.93 ","Three_Year":"40.18 ","Five_Year":"73.08 ","Month":"December","Year":"2018"}},{"node":{"Area":"Greater Vancouver","Benchmark":"$32,400","One_Month":"-0.93 ","Three_Month":"-3.57 ","Six_Month":"-6.54 ","Twelve_Month":"-2.69 ","Three_Year":"33.32 ","Five_Year":"68.01 ","Month":"December","Year":"2018"}},{"node":{"Area":"Fraser Valley","Benchmark":"$834,700","One_Month":"-0.83 ","Three_Month":"-2.97 ","Six_Month":"-5.78 ","Twelve_Month":"2.52 ","Three_Year":"58.17 ","Five_Year":"85.47 ","Month":"December","Year":"2017"}},{"node":{"Area":"Vancouver Island","Benchmark":"$44,500","One_Month":"-0.46 ","Three_Month":"-0.58 ","Six_Month":"0.97 ","Twelve_Month":"10.99 ","Three_Year":"53.36 ","Five_Year":"67.06 ","Month":"December","Year":"2018"}},{"node":{"Area":"Victoria","Benchmark":"$686,10","One_Month":"-0.05 ","Three_Month":"-1.17 ","Six_Month":"-1.44 ","Twelve_Month":"6.45 ","Three_Year":"44.95 ","Five_Year":"60.76 ","Month":"December","Year":"2018"}},{"node":{"Area":"Calgary","Benchmark":"$413,90","One_Month":"-1.04 ","Three_Month":"-2.41 ","Six_Month":"-4.03 ","Twelve_Month":"-3 ","Three_Year":"-6.62 ","Five_Year":"-1.14 ","Month":"December","Year":"2018"}},{"node":{"Area":"Edmonton","Benchmark":"$39,200","One_Month":"-0.81 ","Three_Month":"-2.30 ","Six_Month":"-4.64 ","Twelve_Month":"-2.04 ","Three_Year":"-5.04 ","Five_Year":"-1.45 ","Month":"December","Year":"2018"}},{"node":{"Area":"Regina","Benchmark":"$67,400","One_Month":"-1.73 ","Three_Month":"-3.43 ","Six_Month":"-3.88 ","Twelve_Month":"-5.22 ","Three_Year":"-4.35 ","Five_Year":"-11.11 ","Month":"December","Year":"2018"}},{"node":{"Area":"Saskatoon","Benchmark":"$89,600","One_Month":"-1.33 ","Three_Month":"-1.42 ","Six_Month":"-1.87 ","Twelve_Month":"-1.24 ","Three_Year":"-6.23 ","Five_Year":"-6.19 ","Month":"December","Year":"2018"}},{"node":{"Area":"Guelph","Benchmark":"$24,100","One_Month":"-1 ","Three_Month":"0.33 ","Six_Month":"1.44 ","Twelve_Month":"6.77 ","Three_Year":"38.95 ","Five_Year":"53.27 ","Month":"December","Year":"2018"}},{"node":{"Area":"Hamilton-Burlington","Benchmark":"$584,100","One_Month":"0.39 ","Three_Month":"1.52 ","Six_Month":"1.29 ","Twelve_Month":"6.43 ","Three_Year":"39.32 ","Five_Year":"70.18 ","Month":"December","Year":"2018"}},{"node":{"Area":"Oakville-Milton","Benchmark":"$941,500","One_Month":"-1.45 ","Three_Month":"-1.18 ","Six_Month":"-1.06 ","Twelve_Month":"3.32 ","Three_Year":"28.59 ","Five_Year":"49.32 ","Month":"December","Year":"2018"}},{"node":{"Area":"Barrie & District","Benchmark":"$466,000","One_Month":"-0.09 ","Three_Month":"-1.31 ","Six_Month":"-1.57 ","Twelve_Month":"-1.05 ","Three_Year":"29.49 ","Five_Year":"58.83 ","Month":"December","Year":"2018"}},{"node":{"Area":"Greater Toronto","Benchmark":"$764,200","One_Month":"0.08 ","Three_Month":"-0.16 ","Six_Month":"-0.8 ","Twelve_Month":"2.98 ","Three_Year":"33.35 ","Five_Year":"58.33 ","Month":"December","Year":"2018"}},{"node":{"Area":"Niagara Region","Benchmark":"$391,800","One_Month":"-0.44 ","Three_Month":"0.75 ","Six_Month":"1.15 ","Twelve_Month":"6.77 ","Three_Year":"56.00 ","Five_Year":"77.01 ","Month":"December","Year":"2018"}},{"node":{"Area":"Ottawa","Benchmark":"$394,700","One_Month":"0.29 ","Three_Month":"0.52 ","Six_Month":"1.45 ","Twelve_Month":"6.88 ","Three_Year":"18.58 ","Five_Year":"20.21 ","Month":"December","Year":"2018"}},{"node":{"Area":"Greater Montreal","Benchmark":"$348,700","One_Month":"0.17 ","Three_Month":"0.95 ","Six_Month":"1.79 ","Twelve_Month":"6.02 ","Three_Year":"15.38 ","Five_Year":"17.86 ","Month":"December","Year":"2018"}},{"node":{"Area":"Greater Moncton","Benchmark":"$180,300","One_Month":"-1.10 ","Three_Month":"-0.52 ","Six_Month":"-1.22 ","Twelve_Month":"2.47 ","Three_Year":"10.85 ","Five_Year":"15.87 ","Month":"December","Year":"2018"}}]},"barrieChart":{"edges":[{"node":{"name":"ABC","id":"1d9e5313-5aa5-5a19-9c17-f645635d92e9","sourceInstanceName":"data","childImageSharp":{"fluid":{"src":"/static/6f00ce4802068617c891fad40d6431cb/16db7/ABC.png"}}}},{"node":{"name":"natl_chartB016_xhi-res_en","id":"3f126fb5-3c00-5bbd-91da-8114957d6c93","sourceInstanceName":"data","childImageSharp":{"fluid":{"src":"/static/818b3c0c8fb3aac59d272e0366307858/de58c/natl_chartB016_xhi-res_en.png"}}}},{"node":{"name":"natl_chartB017_xhi-res_en","id":"cc32778f-b66a-58a4-9e51-ba39b9338947","sourceInstanceName":"data","childImageSharp":{"fluid":{"src":"/static/71c56a039e6f966d05c61e1e058448f2/de58c/natl_chartB017_xhi-res_en.png"}}}},{"node":{"name":"natl_chartC011_xhi-res_en","id":"7dc1a557-6b6f-5b3a-9516-849cc7d080ff","sourceInstanceName":"data","childImageSharp":{"fluid":{"src":"/static/c40044b57263434bbd61886523397f9f/de58c/natl_chartC011_xhi-res_en.png"}}}},{"node":{"name":"natl_chartC04_xhi-res_en","id":"32196896-f687-50ac-8afe-d3602afc0e5f","sourceInstanceName":"data","childImageSharp":{"fluid":{"src":"/static/e356803a5d6bb883eadd2dff03c61971/de58c/natl_chartC04_xhi-res_en.png"}}}},{"node":{"name":"natl_chartC010_xhi-res_en","id":"96ca8176-f6eb-502e-8a58-d022197fbc13","sourceInstanceName":"data","childImageSharp":{"fluid":{"src":"/static/ef908d47fbb2ce7b2ef492e99bcc9758/de58c/natl_chartC010_xhi-res_en.png"}}}},{"node":{"name":"natl_chartC03_xhi-res_en","id":"1e25c479-7203-554a-ad49-15615a2bf648","sourceInstanceName":"data","childImageSharp":{"fluid":{"src":"/static/0892cb88a0b070027c7e9d94abf265d5/de58c/natl_chartC03_xhi-res_en.png"}}}}]},"torontoChart":{"edges":[{"node":{"name":"ABC","id":"6dba961d-ee7f-5442-842e-6d668d994105","sourceInstanceName":"data","childImageSharp":{"fluid":{"src":"/static/6f00ce4802068617c891fad40d6431cb/16db7/ABC.png"}}}},{"node":{"name":"natl_chartB016_xhi-res_en","id":"1ad78532-adee-5517-8e37-d310dcc165fd","sourceInstanceName":"data","childImageSharp":{"fluid":{"src":"/static/818b3c0c8fb3aac59d272e0366307858/de58c/natl_chartB016_xhi-res_en.png"}}}},{"node":{"name":"natl_chartB017_xhi-res_en","id":"9d650ec2-503d-5f4a-a763-4f19be4bc563","sourceInstanceName":"data","childImageSharp":{"fluid":{"src":"/static/71c56a039e6f966d05c61e1e058448f2/de58c/natl_chartB017_xhi-res_en.png"}}}}]},"victoriaChart":{"edges":[{"node":{"name":"ABC","id":"847f85f3-5e7b-54f1-af6c-0f7ab364dcf8","sourceInstanceName":"data","childImageSharp":{"fluid":{"src":"/static/6f00ce4802068617c891fad40d6431cb/16db7/ABC.png"}}}},{"node":{"name":"natl_chartB016_xhi-res_en","id":"587fd4c6-0e58-5273-bbb9-64fc3f29baaf","sourceInstanceName":"data","childImageSharp":{"fluid":{"src":"/static/818b3c0c8fb3aac59d272e0366307858/de58c/natl_chartB016_xhi-res_en.png"}}}},{"node":{"name":"natl_chartB017_xhi-res_en","id":"34d5b891-4f87-5040-be46-525c57807e81","sourceInstanceName":"data","childImageSharp":{"fluid":{"src":"/static/71c56a039e6f966d05c61e1e058448f2/de58c/natl_chartB017_xhi-res_en.png"}}}}]}},"pageContext":{"isCreatedByStatefulCreatePages":false,"id":"ce710b40-b31b-5d9c-b039-b34a0f4ce681","slug":"victoria-category"}}