{"data":{"contentfulMls":{"id":"ce710b40-b31b-5d9c-b039-b34a0f4ce681","title":"Victoria Category","slug":"victoria-category","boardName":null,"mainContent":null},"barrieChart":{"edges":[{"node":{"name":"ABC","id":"1d9e5313-5aa5-5a19-9c17-f645635d92e9","sourceInstanceName":"data","childImageSharp":{"fluid":{"src":"/static/6f00ce4802068617c891fad40d6431cb/16db7/ABC.png"}}}},{"node":{"name":"natl_chartB016_xhi-res_en","id":"3f126fb5-3c00-5bbd-91da-8114957d6c93","sourceInstanceName":"data","childImageSharp":{"fluid":{"src":"/static/818b3c0c8fb3aac59d272e0366307858/de58c/natl_chartB016_xhi-res_en.png"}}}},{"node":{"name":"natl_chartB017_xhi-res_en","id":"cc32778f-b66a-58a4-9e51-ba39b9338947","sourceInstanceName":"data","childImageSharp":{"fluid":{"src":"/static/71c56a039e6f966d05c61e1e058448f2/de58c/natl_chartB017_xhi-res_en.png"}}}},{"node":{"name":"natl_chartC011_xhi-res_en","id":"7dc1a557-6b6f-5b3a-9516-849cc7d080ff","sourceInstanceName":"data","childImageSharp":{"fluid":{"src":"/static/c40044b57263434bbd61886523397f9f/de58c/natl_chartC011_xhi-res_en.png"}}}},{"node":{"name":"natl_chartC04_xhi-res_en","id":"32196896-f687-50ac-8afe-d3602afc0e5f","sourceInstanceName":"data","childImageSharp":{"fluid":{"src":"/static/e356803a5d6bb883eadd2dff03c61971/de58c/natl_chartC04_xhi-res_en.png"}}}},{"node":{"name":"natl_chartC010_xhi-res_en","id":"96ca8176-f6eb-502e-8a58-d022197fbc13","sourceInstanceName":"data","childImageSharp":{"fluid":{"src":"/static/ef908d47fbb2ce7b2ef492e99bcc9758/de58c/natl_chartC010_xhi-res_en.png"}}}},{"node":{"name":"natl_chartC03_xhi-res_en","id":"1e25c479-7203-554a-ad49-15615a2bf648","sourceInstanceName":"data","childImageSharp":{"fluid":{"src":"/static/0892cb88a0b070027c7e9d94abf265d5/de58c/natl_chartC03_xhi-res_en.png"}}}}]},"torontoChart":{"edges":[{"node":{"name":"ABC","id":"6dba961d-ee7f-5442-842e-6d668d994105","sourceInstanceName":"data","childImageSharp":{"fluid":{"src":"/static/6f00ce4802068617c891fad40d6431cb/16db7/ABC.png"}}}},{"node":{"name":"natl_chartB016_xhi-res_en","id":"1ad78532-adee-5517-8e37-d310dcc165fd","sourceInstanceName":"data","childImageSharp":{"fluid":{"src":"/static/818b3c0c8fb3aac59d272e0366307858/de58c/natl_chartB016_xhi-res_en.png"}}}},{"node":{"name":"natl_chartB017_xhi-res_en","id":"9d650ec2-503d-5f4a-a763-4f19be4bc563","sourceInstanceName":"data","childImageSharp":{"fluid":{"src":"/static/71c56a039e6f966d05c61e1e058448f2/de58c/natl_chartB017_xhi-res_en.png"}}}}]},"victoriaChart":{"edges":[{"node":{"name":"ABC","id":"847f85f3-5e7b-54f1-af6c-0f7ab364dcf8","sourceInstanceName":"data","childImageSharp":{"fluid":{"src":"/static/6f00ce4802068617c891fad40d6431cb/16db7/ABC.png"}}}},{"node":{"name":"natl_chartB016_xhi-res_en","id":"587fd4c6-0e58-5273-bbb9-64fc3f29baaf","sourceInstanceName":"data","childImageSharp":{"fluid":{"src":"/static/818b3c0c8fb3aac59d272e0366307858/de58c/natl_chartB016_xhi-res_en.png"}}}},{"node":{"name":"natl_chartB017_xhi-res_en","id":"34d5b891-4f87-5040-be46-525c57807e81","sourceInstanceName":"data","childImageSharp":{"fluid":{"src":"/static/71c56a039e6f966d05c61e1e058448f2/de58c/natl_chartB017_xhi-res_en.png"}}}}]}},"pageContext":{"isCreatedByStatefulCreatePages":false,"id":"ce710b40-b31b-5d9c-b039-b34a0f4ce681","slug":"victoria-category"}}