{"data":{"site":{"siteMetadata":{"languages":{"defaultLangKey":"en-US","langs":["en-US","fr-CA"]}}},"allContentfulBoards":{"edges":[{"node":{"title":"REALTORS® Association of Edmonton","slug":"realtors-r-association-of-edmonton"}},{"node":{"title":"Victoria","slug":"victoria"}},{"node":{"title":"Cookies","slug":"cookies"}},{"node":{"title":"Barrie Sales By Price Range","slug":"barrie-sales-by-price-range"}},{"node":{"title":"About Barrie","slug":"about-barrie"}},{"node":{"title":"Barrie Median Price","slug":"barrie-median-price"}},{"node":{"title":"Barrie Consumer Confidence","slug":"barrie-consumer-confidence"}},{"node":{"title":"About Toronto","slug":"about-toronto"}},{"node":{"title":"Victoria sales","slug":"victoria-sales"}},{"node":{"title":"Barrie & District Association of REALTORS® Inc.","slug":"barrie"}},{"node":{"title":"Alberta Real Estate Association","slug":"alberta-real-estate-association"}},{"node":{"title":"Alberta sales by price range","slug":"alberta-sales-by-price-range"}},{"node":{"title":"Toronto","slug":"toronto"}},{"node":{"title":"Toronto sales by category","slug":"toronto-sales-by-category"}},{"node":{"title":"About Edmonton","slug":"about-edmonton"}},{"node":{"title":"Edmonton Sales by price range","slug":"edmonton-sales-by-price-range"}},{"node":{"title":"Toronto residential activity","slug":"toronto-residential-activity"}},{"node":{"title":"Residential activity","slug":"residential-activity"}},{"node":{"title":"Montreal","slug":"montreal"}},{"node":{"title":"Montreal Residential activity","slug":"montreal-residential-activity"}},{"node":{"title":"Alberta Residential Activity","slug":"alberta-residential-activity"}},{"node":{"title":"Edmonton Residential Activity","slug":"edmonton-residential-activity"}},{"node":{"title":"Barrie Migration","slug":"barr/barrie-migration"}},{"node":{"title":"National Employment Trends","slug":"national-employment-trends"}},{"node":{"title":"Dummy post - Do not delete","slug":"dummy-post-do-not-delete"}},{"node":{"title":"Barrie Residential Activity","slug":"barrie-residential-activity"}},{"node":{"title":"Barrie Sales by Category","slug":"barrie-sales-by-category"}},{"node":{"title":"Barrie Market Conditions","slug":"barrie-market-conditions"}},{"node":{"title":"Barrie Interest Rate Changes","slug":"barrie-interest-rate-changes"}},{"node":{"title":"Barrie Employment Trends","slug":"barrie-employment-trend"}},{"node":{"title":"REALTORS® Association of Edmonton","slug":null}},{"node":{"title":"Victoria","slug":null}},{"node":{"title":"Cookies","slug":null}},{"node":{"title":"Barrie Sales By Price Range","slug":null}},{"node":{"title":"About Barrie","slug":null}},{"node":{"title":"Barrie Median Price","slug":null}},{"node":{"title":"Barrie Consumer Confidence","slug":null}},{"node":{"title":"About Toronto","slug":null}},{"node":{"title":"Victoria sales","slug":null}},{"node":{"title":"Barrie & District Association of REALTORS® Inc.","slug":null}},{"node":{"title":"Alberta Real Estate Association","slug":null}},{"node":{"title":"Alberta sales by price range","slug":null}},{"node":{"title":"Toronto","slug":null}},{"node":{"title":"Toronto sales by category","slug":null}},{"node":{"title":"About Edmonton","slug":null}},{"node":{"title":"Edmonton Sales by price range","slug":null}},{"node":{"title":"Toronto residential activity","slug":null}},{"node":{"title":"Residential activity","slug":null}},{"node":{"title":"Montreal","slug":"montreal-fr"}},{"node":{"title":"Montreal Residential activity","slug":null}},{"node":{"title":"Alberta Residential Activity","slug":null}},{"node":{"title":"Edmonton Residential Activity","slug":null}},{"node":{"title":"Barrie Migration","slug":null}},{"node":{"title":"National Employment Trends","slug":null}},{"node":{"title":"Dummy post - Do not delete","slug":null}},{"node":{"title":"Barrie Residential Activity","slug":null}},{"node":{"title":"Barrie Sales by Category","slug":null}},{"node":{"title":"Barrie Market Conditions","slug":null}},{"node":{"title":"Barrie Interest Rate Changes","slug":null}},{"node":{"title":"Barrie Employment Trends","slug":null}}]}},"pageContext":{"isCreatedByStatefulCreatePages":true,"slug":"/board/","langKey":"en-US"}}