{"data":{"site":{"siteMetadata":{"languages":{"defaultLangKey":"en-US","langs":["en-US","fr-CA"]}}},"contentfulStatsPages":{"id":"0cc05ef3-ec32-5180-9c3b-ee71712d6151","contentful_id":"3Yj8RUXHGUebU2k1UfYnqT","node_locale":"fr-CA","title":"Tendances emploi","mainContent":{"childContentfulRichText":{"html":"<p>Les ventes résidentielles des systèmes MLS® canadiens ont chuté de 2,5 % en décembre 2018, comparativement à novembre, atteignant leur plus faible niveau annuel depuis 2012. Les baisses mensuelles des ventes depuis septembre ont complètement retranché leur course de l&#39;été dernier pour s&#39;approcher du plus bas niveau enregistré depuis 2013.\n\n</p>"}}}},"pageContext":{"isCreatedByStatefulCreatePages":false,"id":"0cc05ef3-ec32-5180-9c3b-ee71712d6151","contentful_id":"3Yj8RUXHGUebU2k1UfYnqT"}}