{"data":{"allLettersCsv":{"edges":[{"node":{"letter":"A","value":"65"}},{"node":{"letter":"B","value":"66"}},{"node":{"letter":"C","value":"67"}},{"node":{"letter":"D","value":"68"}},{"node":{"letter":"E","value":"69"}},{"node":{"letter":"F","value":"70"}},{"node":{"letter":"G","value":"71"}},{"node":{"letter":"H","value":"72"}},{"node":{"letter":"I","value":"73"}},{"node":{"letter":"J","value":"74"}},{"node":{"letter":"K","value":"75"}},{"node":{"letter":"L","value":"76"}},{"node":{"letter":"M","value":"77"}},{"node":{"letter":"N","value":"78"}},{"node":{"letter":"O","value":"79"}},{"node":{"letter":"P","value":"80"}},{"node":{"letter":"Q","value":"81"}},{"node":{"letter":"R","value":"82"}},{"node":{"letter":"S","value":"83"}},{"node":{"letter":"T","value":"84"}},{"node":{"letter":"U","value":"85"}},{"node":{"letter":"V","value":"86"}},{"node":{"letter":"W","value":"87"}},{"node":{"letter":"X","value":"88"}},{"node":{"letter":"Y","value":"89"}},{"node":{"letter":"Z","value":"90"}}]},"allNrHpiTableEnCsv":{"edges":[{"node":{"Area":"Aggregate","Benchmark":"$616,700","One_Month":"-0.34 ","Three_Month":"-0.94 ","Six_Month":"-2.08 ","Twelve_Month":"1.63 ","Three_Year":"26.08 ","Five_Year":"42.65 ","Month":"December","Year":"2018"}},{"node":{"Area":"Lower Mainland","Benchmark":"$969,700","One_Month":"-0.89 ","Three_Month":"-3.38 ","Six_Month":"-6.27 ","Twelve_Month":"-0.93 ","Three_Year":"40.18 ","Five_Year":"73.08 ","Month":"December","Year":"2018"}},{"node":{"Area":"Greater Vancouver","Benchmark":"$1,032,400","One_Month":"-0.93 ","Three_Month":"-3.57 ","Six_Month":"-6.54 ","Twelve_Month":"-2.69 ","Three_Year":"33.32 ","Five_Year":"68.01 ","Month":"December","Year":"2018"}},{"node":{"Area":"Fraser Valley","Benchmark":"$834,700","One_Month":"-0.83 ","Three_Month":"-2.97 ","Six_Month":"-5.78 ","Twelve_Month":"2.52 ","Three_Year":"58.17 ","Five_Year":"85.47 ","Month":"December","Year":"2018"}},{"node":{"Area":"Vancouver Island","Benchmark":"$484,500","One_Month":"-0.46 ","Three_Month":"-0.58 ","Six_Month":"0.97 ","Twelve_Month":"10.99 ","Three_Year":"53.36 ","Five_Year":"67.06 ","Month":"December","Year":"2018"}},{"node":{"Area":"Victoria","Benchmark":"$686,100","One_Month":"-0.05 ","Three_Month":"-1.17 ","Six_Month":"-1.44 ","Twelve_Month":"6.45 ","Three_Year":"44.95 ","Five_Year":"60.76 ","Month":"December","Year":"2018"}},{"node":{"Area":"Calgary","Benchmark":"$413,900","One_Month":"-1.04 ","Three_Month":"-2.41 ","Six_Month":"-4.03 ","Twelve_Month":"-3.16 ","Three_Year":"-6.62 ","Five_Year":"-1.14 ","Month":"December","Year":"2018"}},{"node":{"Area":"Edmonton","Benchmark":"$319,200","One_Month":"-0.81 ","Three_Month":"-2.30 ","Six_Month":"-4.64 ","Twelve_Month":"-2.04 ","Three_Year":"-5.04 ","Five_Year":"-1.45 ","Month":"December","Year":"2018"}},{"node":{"Area":"Regina","Benchmark":"$267,400","One_Month":"-1.73 ","Three_Month":"-3.43 ","Six_Month":"-3.88 ","Twelve_Month":"-5.22 ","Three_Year":"-4.35 ","Five_Year":"-11.11 ","Month":"December","Year":"2018"}},{"node":{"Area":"Saskatoon","Benchmark":"$289,600","One_Month":"-1.33 ","Three_Month":"-1.42 ","Six_Month":"-1.87 ","Twelve_Month":"-1.24 ","Three_Year":"-6.23 ","Five_Year":"-6.19 ","Month":"December","Year":"2018"}},{"node":{"Area":"Guelph","Benchmark":"$524,100","One_Month":"-1.12 ","Three_Month":"0.33 ","Six_Month":"1.44 ","Twelve_Month":"6.77 ","Three_Year":"38.95 ","Five_Year":"53.27 ","Month":"December","Year":"2018"}},{"node":{"Area":"Hamilton-Burlington","Benchmark":"$584,100","One_Month":"0.39 ","Three_Month":"1.52 ","Six_Month":"1.29 ","Twelve_Month":"6.43 ","Three_Year":"39.32 ","Five_Year":"70.18 ","Month":"December","Year":"2018"}},{"node":{"Area":"Oakville-Milton","Benchmark":"$941,500","One_Month":"-1.45 ","Three_Month":"-1.18 ","Six_Month":"-1.06 ","Twelve_Month":"3.32 ","Three_Year":"28.59 ","Five_Year":"49.32 ","Month":"December","Year":"2018"}},{"node":{"Area":"Barrie & District","Benchmark":"$466,000","One_Month":"-0.09 ","Three_Month":"-1.31 ","Six_Month":"-1.57 ","Twelve_Month":"-1.05 ","Three_Year":"29.49 ","Five_Year":"58.83 ","Month":"December","Year":"2018"}},{"node":{"Area":"Greater Toronto","Benchmark":"$764,200","One_Month":"0.08 ","Three_Month":"-0.16 ","Six_Month":"-0.83 ","Twelve_Month":"2.98 ","Three_Year":"33.35 ","Five_Year":"58.33 ","Month":"December","Year":"2018"}},{"node":{"Area":"Niagara Region","Benchmark":"$391,800","One_Month":"-0.44 ","Three_Month":"0.75 ","Six_Month":"1.15 ","Twelve_Month":"6.77 ","Three_Year":"56.00 ","Five_Year":"77.01 ","Month":"December","Year":"2018"}},{"node":{"Area":"Ottawa","Benchmark":"$394,700","One_Month":"0.29 ","Three_Month":"0.52 ","Six_Month":"1.45 ","Twelve_Month":"6.88 ","Three_Year":"18.58 ","Five_Year":"20.21 ","Month":"December","Year":"2018"}},{"node":{"Area":"Greater Montreal","Benchmark":"$348,700","One_Month":"0.17 ","Three_Month":"0.95 ","Six_Month":"1.79 ","Twelve_Month":"6.02 ","Three_Year":"15.38 ","Five_Year":"17.86 ","Month":"December","Year":"2018"}},{"node":{"Area":"Greater Moncton","Benchmark":"$180,300","One_Month":"-1.10 ","Three_Month":"-0.52 ","Six_Month":"-1.22 ","Twelve_Month":"2.47 ","Three_Year":"10.85 ","Five_Year":"15.87 ","Month":"December","Year":"2018"}}]}}}