{"data":{"site":{"siteMetadata":{"title":"Gatsby + WordPress Starter"}},"allContentfulBoards":{"edges":[{"node":{"title":"REALTORS® Association of Edmonton"}},{"node":{"title":"Victoria"}},{"node":{"title":"Cookies"}},{"node":{"title":"Barrie Sales By Price Range"}},{"node":{"title":"About Barrie"}},{"node":{"title":"Barrie Median Price"}},{"node":{"title":"Barrie Consumer Confidence"}},{"node":{"title":"About Toronto"}},{"node":{"title":"Victoria sales"}},{"node":{"title":"Barrie & District Association of REALTORS® Inc."}},{"node":{"title":"Alberta Real Estate Association"}},{"node":{"title":"Alberta sales by price range"}},{"node":{"title":"Toronto"}},{"node":{"title":"Toronto sales by category"}},{"node":{"title":"About Edmonton"}},{"node":{"title":"Edmonton Sales by price range"}},{"node":{"title":"Toronto residential activity"}},{"node":{"title":"Residential activity"}},{"node":{"title":"Montreal"}},{"node":{"title":"Montreal Residential activity"}},{"node":{"title":"Alberta Residential Activity"}},{"node":{"title":"Edmonton Residential Activity"}},{"node":{"title":"Barrie Migration"}},{"node":{"title":"National Employment Trends"}},{"node":{"title":"Dummy post - Do not delete"}},{"node":{"title":"Barrie Residential Activity"}},{"node":{"title":"Barrie Sales by Category"}},{"node":{"title":"Barrie Market Conditions"}},{"node":{"title":"Barrie Interest Rate Changes"}},{"node":{"title":"Barrie Employment Trends"}},{"node":{"title":"REALTORS® Association of Edmonton"}},{"node":{"title":"Victoria"}},{"node":{"title":"Cookies"}},{"node":{"title":"Barrie Sales By Price Range"}},{"node":{"title":"About Barrie"}},{"node":{"title":"Barrie Median Price"}},{"node":{"title":"Barrie Consumer Confidence"}},{"node":{"title":"About Toronto"}},{"node":{"title":"Victoria sales"}},{"node":{"title":"Barrie & District Association of REALTORS® Inc."}},{"node":{"title":"Alberta Real Estate Association"}},{"node":{"title":"Alberta sales by price range"}},{"node":{"title":"Toronto"}},{"node":{"title":"Toronto sales by category"}},{"node":{"title":"About Edmonton"}},{"node":{"title":"Edmonton Sales by price range"}},{"node":{"title":"Toronto residential activity"}},{"node":{"title":"Residential activity"}},{"node":{"title":"Montreal"}},{"node":{"title":"Montreal Residential activity"}},{"node":{"title":"Alberta Residential Activity"}},{"node":{"title":"Edmonton Residential Activity"}},{"node":{"title":"Barrie Migration"}},{"node":{"title":"National Employment Trends"}},{"node":{"title":"Dummy post - Do not delete"}},{"node":{"title":"Barrie Residential Activity"}},{"node":{"title":"Barrie Sales by Category"}},{"node":{"title":"Barrie Market Conditions"}},{"node":{"title":"Barrie Interest Rate Changes"}},{"node":{"title":"Barrie Employment Trends"}}]}}}