{"data":{"ChartB":{"edges":[{"node":{"title":"Statistiques nationales","chartB":{"fixed":{"src":"//images.ctfassets.net/gm6df3h7p862/5KWokHJZq6QAzNmK8ukjez/b0181245e750b1a5f65ec3221e4819a9/natl_chart_of_interest03_xhi-res_fr.png?w=1079&h=740&q=50&fit=fill","width":1079,"height":740,"srcSet":"//images.ctfassets.net/gm6df3h7p862/5KWokHJZq6QAzNmK8ukjez/b0181245e750b1a5f65ec3221e4819a9/natl_chart_of_interest03_xhi-res_fr.png?w=1079&h=740&q=50&fit=fill 1x"},"fluid":{"aspectRatio":1.4581081081081082,"srcSet":"//images.ctfassets.net/gm6df3h7p862/5KWokHJZq6QAzNmK8ukjez/b0181245e750b1a5f65ec3221e4819a9/natl_chart_of_interest03_xhi-res_fr.png?w=270&h=185&q=50 270w,\n//images.ctfassets.net/gm6df3h7p862/5KWokHJZq6QAzNmK8ukjez/b0181245e750b1a5f65ec3221e4819a9/natl_chart_of_interest03_xhi-res_fr.png?w=540&h=370&q=50 540w,\n//images.ctfassets.net/gm6df3h7p862/5KWokHJZq6QAzNmK8ukjez/b0181245e750b1a5f65ec3221e4819a9/natl_chart_of_interest03_xhi-res_fr.png?w=1079&h=740&q=50 1079w","src":"//images.ctfassets.net/gm6df3h7p862/5KWokHJZq6QAzNmK8ukjez/b0181245e750b1a5f65ec3221e4819a9/natl_chart_of_interest03_xhi-res_fr.png?w=1079&h=740&q=50"}},"publishDate":"2019-02-25T00:00","contentful_id":"1o4EV1DoHc7TRa0EmfyDdm","node_locale":"fr-CA"}},{"node":{"title":"Do not delete - Dummy post","chartB":{"fixed":{"src":null,"width":null,"height":null,"srcSet":null},"fluid":{"aspectRatio":null,"srcSet":null,"src":null}},"publishDate":"2019-01-22T00:00","contentful_id":"4dq6QYVYMoUio8yQu4Gq4S","node_locale":"fr-CA"}},{"node":{"title":"Statistiques nationales","chartB":{"fixed":{"src":"//images.ctfassets.net/gm6df3h7p862/4tBYW9AOJWEiKwQAaOw4a2/e44396781fb28dc6df72402e5b61bf4f/natl_chart_of_interest03_xhi-res_fr.png?w=1079&h=740&q=50&fit=fill","width":1079,"height":740,"srcSet":"//images.ctfassets.net/gm6df3h7p862/4tBYW9AOJWEiKwQAaOw4a2/e44396781fb28dc6df72402e5b61bf4f/natl_chart_of_interest03_xhi-res_fr.png?w=1079&h=740&q=50&fit=fill 1x"},"fluid":{"aspectRatio":1.4581081081081082,"srcSet":"//images.ctfassets.net/gm6df3h7p862/4tBYW9AOJWEiKwQAaOw4a2/e44396781fb28dc6df72402e5b61bf4f/natl_chart_of_interest03_xhi-res_fr.png?w=270&h=185&q=50 270w,\n//images.ctfassets.net/gm6df3h7p862/4tBYW9AOJWEiKwQAaOw4a2/e44396781fb28dc6df72402e5b61bf4f/natl_chart_of_interest03_xhi-res_fr.png?w=540&h=370&q=50 540w,\n//images.ctfassets.net/gm6df3h7p862/4tBYW9AOJWEiKwQAaOw4a2/e44396781fb28dc6df72402e5b61bf4f/natl_chart_of_interest03_xhi-res_fr.png?w=1079&h=740&q=50 1079w","src":"//images.ctfassets.net/gm6df3h7p862/4tBYW9AOJWEiKwQAaOw4a2/e44396781fb28dc6df72402e5b61bf4f/natl_chart_of_interest03_xhi-res_fr.png?w=1079&h=740&q=50"}},"publishDate":"2018-12-29T00:00","contentful_id":"3h0bvSPwRWOE4cc0SU4iWG","node_locale":"fr-CA"}}]}}}