{"data":{"allContentfulBoardMenu":{"edges":[{"node":{"title":"Board menu","menuForBoards":[{"title":"Alberta Real Estate Association","slug":"alberta-real-estate-association"},{"title":"Montreal","slug":"montreal"},{"title":"Barrie & District Association of REALTORS® Inc.","slug":"barrie"},{"title":"Toronto","slug":"toronto"},{"title":"Cookies","slug":"cookies"},{"title":"REALTORS® Association of Edmonton","slug":"realtors-r-association-of-edmonton"},{"title":"Victoria","slug":"victoria"}]}},{"node":{"title":"Board menu","menuForBoards":[{"title":"Alberta Real Estate Association","slug":null},{"title":"Montreal","slug":"montreal-fr"},{"title":"Barrie & District Association of REALTORS® Inc.","slug":null},{"title":"Toronto","slug":null},{"title":"Cookies","slug":null},{"title":"REALTORS® Association of Edmonton","slug":null},{"title":"Victoria","slug":null}]}}]}}}