{"data":{"contentfulMls":{"id":"a7713710-3491-5e68-a645-1e0e3221ec32","title":"Victoria Residential Activity ","slug":"victoria-residential-activity","boardName":"Victoria board","mainContent":{"childContentfulRichText":{"html":"<p>Months of inventory for single detached home sales numbered 7 at the end of the fourth quarter of 2018, up from the 4.5 months recorded at the end of the fourth quarter of 2017.</p><p>The number of months of inventory is the number of months it would take to sell current inventories at the current rate of sales activity.</p><p>With a more balanced market, homes spent more time on the market in the fourth quarter of 2018 than they had a year earlier.</p><p>The median number of days on market for single detached hom\n\n</p>"}}}},"pageContext":{"isCreatedByStatefulCreatePages":false,"id":"a7713710-3491-5e68-a645-1e0e3221ec32","slug":"victoria-residential-activity"}}