{"data":{"site":{"siteMetadata":{"languages":{"defaultLangKey":"en-US","langs":["en-US","fr-CA"]}}},"fr":{"edges":[{"node":{"title":"Statistiques nationales","id":"6d68658b-5071-5846-89af-87e66e39a6a1","contentful_id":"1o4EV1DoHc7TRa0EmfyDdm","node_locale":"fr-CA","headline":"Le marché résidentiel canadien s’améliore en janvier 2019","slug":"canadian-home-sales-improve-in-january-2019/fr","chartA":{"fixed":{"src":"//images.ctfassets.net/gm6df3h7p862/kQsrw7pwhGESuEeF4kSTQ/fbed86d70c9b7b3497407f6f8d254caa/natl_chart_of_interest01_xhi-res_fr.png?w=1079&h=740&q=50&fit=fill","width":1079,"height":740,"srcSet":"//images.ctfassets.net/gm6df3h7p862/kQsrw7pwhGESuEeF4kSTQ/fbed86d70c9b7b3497407f6f8d254caa/natl_chart_of_interest01_xhi-res_fr.png?w=1079&h=740&q=50&fit=fill 1x"},"fluid":{"aspectRatio":1.4581081081081082,"srcSet":"//images.ctfassets.net/gm6df3h7p862/kQsrw7pwhGESuEeF4kSTQ/fbed86d70c9b7b3497407f6f8d254caa/natl_chart_of_interest01_xhi-res_fr.png?w=270&h=185&q=50 270w,\n//images.ctfassets.net/gm6df3h7p862/kQsrw7pwhGESuEeF4kSTQ/fbed86d70c9b7b3497407f6f8d254caa/natl_chart_of_interest01_xhi-res_fr.png?w=540&h=370&q=50 540w,\n//images.ctfassets.net/gm6df3h7p862/kQsrw7pwhGESuEeF4kSTQ/fbed86d70c9b7b3497407f6f8d254caa/natl_chart_of_interest01_xhi-res_fr.png?w=1079&h=740&q=50 1079w","src":"//images.ctfassets.net/gm6df3h7p862/kQsrw7pwhGESuEeF4kSTQ/fbed86d70c9b7b3497407f6f8d254caa/natl_chart_of_interest01_xhi-res_fr.png?w=1079&h=740&q=50"}},"chartB":{"fixed":{"src":"//images.ctfassets.net/gm6df3h7p862/5KWokHJZq6QAzNmK8ukjez/b0181245e750b1a5f65ec3221e4819a9/natl_chart_of_interest03_xhi-res_fr.png?w=1079&h=740&q=50&fit=fill","width":1079,"height":740,"srcSet":"//images.ctfassets.net/gm6df3h7p862/5KWokHJZq6QAzNmK8ukjez/b0181245e750b1a5f65ec3221e4819a9/natl_chart_of_interest03_xhi-res_fr.png?w=1079&h=740&q=50&fit=fill 1x"},"fluid":{"aspectRatio":1.4581081081081082,"srcSet":"//images.ctfassets.net/gm6df3h7p862/5KWokHJZq6QAzNmK8ukjez/b0181245e750b1a5f65ec3221e4819a9/natl_chart_of_interest03_xhi-res_fr.png?w=270&h=185&q=50 270w,\n//images.ctfassets.net/gm6df3h7p862/5KWokHJZq6QAzNmK8ukjez/b0181245e750b1a5f65ec3221e4819a9/natl_chart_of_interest03_xhi-res_fr.png?w=540&h=370&q=50 540w,\n//images.ctfassets.net/gm6df3h7p862/5KWokHJZq6QAzNmK8ukjez/b0181245e750b1a5f65ec3221e4819a9/natl_chart_of_interest03_xhi-res_fr.png?w=1079&h=740&q=50 1079w","src":"//images.ctfassets.net/gm6df3h7p862/5KWokHJZq6QAzNmK8ukjez/b0181245e750b1a5f65ec3221e4819a9/natl_chart_of_interest03_xhi-res_fr.png?w=1079&h=740&q=50"}},"publishDate":"2019-02-25T00:00","mainContent":{"childMarkdownRemark":{"html":"<p><strong>Ottawa (Ontario), le 15 février 2019</strong> - Selon les statistiques[1] publiées aujourd'hui par l'Association canadienne de l'immeuble (ACI) montrent que les ventes résidentielles ont augmenté d’un mois à l’autre à l’échelle nationale, en janvier 2019, mais demeurent en deçà des niveaux enregistrés l’an dernier à pareille date.</p>\n<h3>FAITS SAILLANTS :</h3>\n<ul>\n<li><strong>Les ventes résidentielles nationales ont augmenté de 3,6 % de décembre 2018 à janvier 2019.</strong></li>\n<li><strong>Les ventes réelles (non désaisonnalisées) ont chuté de 4 % par rapport à l’année précédente.</strong></li>\n<li><strong>Le nombre de maisons nouvellement inscrites a connu une hausse de 0,1 % d’un mois à l’autre en janvier.</strong></li>\n<li><strong>L’Indice des prix des propriétés MLS® (IPP MLS®) a augmenté de 0,8 % d’une année à l’autre.</strong></li>\n<li><strong>Le prix de vente moyen au Canada a affiché une baisse de 5,5 % d’une année à l’autre en janvier.</strong></li>\n</ul>\n<p>Les ventes résidentielles effectuées par l’entremise des systèmes MLS® canadiens ont grimpé de 3,6 % en janvier 2019, comparativement à décembre 2018 (graphique A). Le nombre de maisons qui ont changé de mains a augmenté par rapport au mois précédent, dans la moitié de tous les marchés locaux, notamment à Montréal, à Ottawa et à Winnipeg.</p>\n<p>Les ventes réelles (non désaisonnalisées) se sont situées à 4 % sous les niveaux de l’année dernière à pareille date, et ont affiché le plus faible taux pour le mois de janvier, depuis 2015. Elles se sont aussi inscrites sous la moyenne mensuelle de 10 ans à l’échelle nationale dans les trois provinces canadiennes les plus à l’ouest, en Ontario et à Terre-Neuve-et-Labrador.</p>"}},"contentB":{"childContentfulRichText":{"html":"<p>« Les acheteurs sont encore en période d’ajustement à la suite du resserrement des règles hypothécaires introduites l’année dernière », selon la présidente de l’ACI, Barb Sukkau. « Toutefois, leurs répercussions sur les acheteurs varient par endroit, par type d’habitation et par segment de prix. L&#39;immobilier est tout à fait local. Un courtier ou agent immobilier membre de l’ACI demeure votre meilleure source d’information et votre meilleur guide au moment de négocier l’achat ou la vente d’une maison, en cette période de transition », précise-t-elle.</p><p>« Les ventes, l’équilibre du marché et la tendance des prix sont désynchronisés parmi les grandes villes canadiennes qui ont le plus de répercussions sur les résultats à l’échelle nationale », mentionne Gregory Klump, économiste en chef de l’ACI. « Il est clair que les conditions locales demeurent affaiblies dans la région des Prairies et dans le Lower Mainland de la Colombie-Britannique. Malgré les conséquences attendues, le resserrement des règles hypothécaires introduites en 2018, combiné aux resserrements antérieurs, ralentira la croissance économique cette année. »</p><p>Le nombre de nouvelles inscriptions a grimpé de 1 % en janvier, notamment en raison d’un bond du nombre de maisons à vendre dans le Grand Vancouver et à Hamilton-Burlington.</p><p>Puisque les ventes ont augmenté plus que le nombre de nouvelles inscriptions, le ratio canadien des ventes par rapport aux nouvelles inscriptions s’est resserré pour atteindre 56,7 % par rapport au taux de 55,3  %, publié en décembre. Cette mesure de l’équilibre du marché se maintient près de sa moyenne à long terme de 53,5 % pour l’année dernière.</p><p>La meilleure façon d’évaluer si les conditions locales favorisent les acheteurs ou les propriétaires-vendeurs est de déterminer dans quelle mesure et pendant combien de temps l’équilibre du marché est supérieur ou inférieur à sa moyenne à long terme. Le résultat qui se situe à l’intérieur d’un écart type de la moyenne à long terme indique généralement un équilibre des conditions du marché.</p><p>Si l’on effectue une comparaison entre le ratio des ventes par rapport aux nouvelles inscriptions et la moyenne à long terme, plus de la moitié de l’ensemble des marchés locaux étaient en équilibre en janvier 2019.</p><p>Le nombre de mois d’inventaire est une autre mesure importante de l’équilibre entre l’offre et la demande. Il représente le temps qu’il faudrait compter pour vendre tout l’inventaire courant au taux de vente actuel.</p><p>On comptait 5,3 mois d’inventaire à l’échelle nationale à la fin de janvier 2019, ce qui correspond à la moyenne à long terme de cette mesure. Cela dit, la perception d’un marché bien équilibré à l’échelle nationale masque des différences considérables à l&#39;échelle régionale. Le nombre de mois d’inventaire dépasse largement la moyenne à long terme dans les provinces des Prairies, ainsi qu’à Terre-Neuve-et-Labrador; par conséquent, les acheteurs dans ces régions ont beaucoup de choix parmi les inscriptions qui leur sont offertes. Par ailleurs, la mesure demeure bien en deçà de sa moyenne à long terme en Ontario et à l’Île-du-Prince-Édouard, ce qui est conforme aux conditions de marché favorisant les propriétaires-vendeurs. Dans les autres provinces, les ventes et l’inventaire sont plus équilibrés.</p><p>L’Indice des prix des propriétés MLS® (IPP MLS®) global et composé a grimpé de 0,8 % d’une année à l’autre en janvier 2019, ce qui représente la plus petite augmentation depuis juin 2018.</p>"}},"contentC":{"childContentfulRichText":{"html":"<p>Les appartements ont encore affiché les hausses de prix les plus importantes d’une année à l’autre en janvier (+3,3 %), suivis des maisons en rangée (+1,5 %). En comparaison, le prix des maisons unifamiliales à deux étages a peu changé (+0,1 %), tandis que celui des maisons à un étage a légèrement baissé (-1,1 %).</p><p>Les tendances continuent de varier grandement au sein des 17 marchés immobiliers suivis par l’IPP MLS®. Les résultats sont inégaux en Colombie-Britannique. Les prix étaient en baisse d’une année à l’autre dans le Grand Vancouver (-4,5  %) et dans la vallée du Fraser (-0,8 %). En revanche, les prix ont affiché une augmentation de 4,2 % à Victoria, et de 9,3 % ailleurs sur l’Île de Vancouver.</p><p>Dans les marchés résidentiels du Grand Golden Horseshoe suivis par l’Indice, les prix des propriétés de référence étaient en hausse par rapport à l’année précédente à Guelph (+7,2 %), dans la région de Niagara (+7 %), à Hamilton-Burlington (+5 %), à Oakville-Milton (+3,9 %) et dans le Grand Toronto (+2,7 %). En contrepartie, les prix des maisons à Barrie &amp; District demeurent sous les niveaux de l’année précédente (-2,7 %).</p><p>Dans les Prairies, l’inventaire de maisons à vendre est généralement plus élevé que la demande, ce qui maintient les prix des propriétés de référence sous les niveaux de l’année précédente à Calgary (-3,9 %), à Edmonton (-2,9 %), à Regina (-3,8 %) et à Saskatoon (-2 %). Le prix des maisons demeurera vraisemblablement faible dans ces villes, jusqu’à ce que l’offre élevée diminue.</p><p>Les prix des propriétés ont augmenté de 7,1 % d’une année à l’autre à Ottawa (poussés par une hausse de 9,5 % du prix des maisons en rangée), de 6,3  % dans le Grand Montréal (poussés par une hausse de 9,2 % du prix des maisons en rangée) et de 1 % dans le Grand Moncton (poussés par une hausse de 15,1 % du prix des maisons en rangée). (Tableau 1)</p><p>L’IPP MLS® est le meilleur moyen d’évaluer les tendances des prix, puisque les moyennes sont sujettes à de fortes distorsions occasionnées par les fluctuations qui surviennent dans la composition des ventes d’un mois à l’autre.</p><p>Le prix moyen réel (non désaisonnalisé) des propriétés vendues au pays en janvier 2019 se situait à peine sous les 455 000 $, en baisse de 5,5 % par rapport au même mois en 2018, affichant le plus gros déclin d’une année à l’autre, depuis mai 2018.</p><p>Le prix moyen national est largement faussé par les ventes dans le Grand Vancouver et le Grand Toronto, qui représentent les deux marchés les plus actifs et les plus chers au Canada. Si l’on exclut ces deux marchés du calcul, le prix moyen national baisse de près de 95 000 $ pour s’établir à juste un peu plus de 360 000 $.</p>"}}}},{"node":{"title":"Statistiques nationales","id":"7940617b-c7ba-52fc-a11e-c746cf57da9e","contentful_id":"3h0bvSPwRWOE4cc0SU4iWG","node_locale":"fr-CA","headline":"Les ventes résidentielles au Canada poursuivent leur chute en décembre ","slug":"canada-poursuivent-leur-chute-en-décembre","chartA":{"fixed":{"src":"//images.ctfassets.net/gm6df3h7p862/1gGhAfddTNEhGLpp3unbfG/70ca421fa314f7a475ae54ab2cf6cd59/natl_chart_of_interest01_xhi-res_fr.png?w=1079&h=740&q=50&fit=fill","width":1079,"height":740,"srcSet":"//images.ctfassets.net/gm6df3h7p862/1gGhAfddTNEhGLpp3unbfG/70ca421fa314f7a475ae54ab2cf6cd59/natl_chart_of_interest01_xhi-res_fr.png?w=1079&h=740&q=50&fit=fill 1x"},"fluid":{"aspectRatio":1.4581081081081082,"srcSet":"//images.ctfassets.net/gm6df3h7p862/1gGhAfddTNEhGLpp3unbfG/70ca421fa314f7a475ae54ab2cf6cd59/natl_chart_of_interest01_xhi-res_fr.png?w=270&h=185&q=50 270w,\n//images.ctfassets.net/gm6df3h7p862/1gGhAfddTNEhGLpp3unbfG/70ca421fa314f7a475ae54ab2cf6cd59/natl_chart_of_interest01_xhi-res_fr.png?w=540&h=370&q=50 540w,\n//images.ctfassets.net/gm6df3h7p862/1gGhAfddTNEhGLpp3unbfG/70ca421fa314f7a475ae54ab2cf6cd59/natl_chart_of_interest01_xhi-res_fr.png?w=1079&h=740&q=50 1079w","src":"//images.ctfassets.net/gm6df3h7p862/1gGhAfddTNEhGLpp3unbfG/70ca421fa314f7a475ae54ab2cf6cd59/natl_chart_of_interest01_xhi-res_fr.png?w=1079&h=740&q=50"}},"chartB":{"fixed":{"src":"//images.ctfassets.net/gm6df3h7p862/4tBYW9AOJWEiKwQAaOw4a2/e44396781fb28dc6df72402e5b61bf4f/natl_chart_of_interest03_xhi-res_fr.png?w=1079&h=740&q=50&fit=fill","width":1079,"height":740,"srcSet":"//images.ctfassets.net/gm6df3h7p862/4tBYW9AOJWEiKwQAaOw4a2/e44396781fb28dc6df72402e5b61bf4f/natl_chart_of_interest03_xhi-res_fr.png?w=1079&h=740&q=50&fit=fill 1x"},"fluid":{"aspectRatio":1.4581081081081082,"srcSet":"//images.ctfassets.net/gm6df3h7p862/4tBYW9AOJWEiKwQAaOw4a2/e44396781fb28dc6df72402e5b61bf4f/natl_chart_of_interest03_xhi-res_fr.png?w=270&h=185&q=50 270w,\n//images.ctfassets.net/gm6df3h7p862/4tBYW9AOJWEiKwQAaOw4a2/e44396781fb28dc6df72402e5b61bf4f/natl_chart_of_interest03_xhi-res_fr.png?w=540&h=370&q=50 540w,\n//images.ctfassets.net/gm6df3h7p862/4tBYW9AOJWEiKwQAaOw4a2/e44396781fb28dc6df72402e5b61bf4f/natl_chart_of_interest03_xhi-res_fr.png?w=1079&h=740&q=50 1079w","src":"//images.ctfassets.net/gm6df3h7p862/4tBYW9AOJWEiKwQAaOw4a2/e44396781fb28dc6df72402e5b61bf4f/natl_chart_of_interest03_xhi-res_fr.png?w=1079&h=740&q=50"}},"publishDate":"2018-12-29T00:00","mainContent":{"childMarkdownRemark":{"html":"<p><strong>Ottawa (Ontario), le 15 janvier 2019</strong> - Selon les statistiques[1] publiées aujourd'hui par l'Association canadienne de l'immeuble (ACI) les ventes résidentielles ont affiché, en décembre 2018, une baisse à l'échelle nationale qui se poursuit depuis quatre mois.</p>\n<h3>FAITS SAILLANTS :</h3>\n<ul>\n<li><strong>Les ventes résidentielles réalisées à l'échelle nationale ont baissé de 2,5 % de novembre à décembre.</strong></li>\n<li><strong>Les ventes réelles (non désaisonnalisées) ont chuté de 19 % par rapport à l'année précédente.</strong></li>\n<li><strong>Le nombre de nouvelles inscriptions a peu changé de novembre à décembre.</strong></li>\n<li><strong>L'Indice des prix des propriétés MLS® (IPP MLS®) a augmenté de 1,6 % d'une année à l'autre en décembre.</strong></li>\n<li><strong>Le prix de vente moyen au Canada a affiché une baisse de 4,9 % d'une année à l'autre en décembre.</strong></li>\n</ul>\n<p>Les ventes résidentielles des systèmes MLS® canadiens ont chuté de 2,5 % en décembre 2018, comparativement à novembre, atteignant leur plus faible niveau annuel depuis 2012. Les baisses mensuelles des ventes depuis septembre ont complètement retranché leur course de l'été dernier pour s'approcher du plus bas niveau enregistré depuis 2013.</p>\n<p>Les transactions ont chuté dans près de 60 % de l'ensemble des marchés locaux en décembre, en raison d'une baisse des ventes dans le Grand Vancouver, l'Île de Vancouver, Ottawa, London and St. Thomas et Halifax-Dartmouth, ainsi que dans une diversité d'autres centres urbains de moyenne et de grandes tailles variant selon la région.</p>"}},"contentB":{"childContentfulRichText":{"html":"<p>Les ventes réelles (non désaisonnalisées) ont affiché une baisse de 19 % d&#39;une année à l&#39;autre en décembre 2018, pour s&#39;établir à presque 12 % en deçà de la moyenne sur 10 ans pour le mois de décembre. Les ventes d&#39;habitations ont connu des niveaux inférieurs à ceux de l&#39;année précédente dans les trois quarts de tous les marchés locaux, principalement en Colombie-Britannique, soit dans le Lower Mainland et dans la région de l&#39;Okanagan, à Calgary, à Edmonton, dans le Grand Toronto et à Hamilton-Burlington.</p><p>Cette chute est en partie due à des ventes élevées en décembre 2017, car des acheteurs se sont dépêchés de conclure la transaction avant l&#39;entrée en vigueur de la nouvelle simulation de crise pour les prêts hypothécaires, imposée par le gouvernement fédéral à compter du 1er janvier 2018.</p><p>« Une année peut faire toute une différence », affirme Barb Sukkau, présidente de l&#39;ACI. « La tendance des ventes a été poussée à la hausse en décembre 2017 par des acheteurs qui ont voulu passer à l&#39;action avant que n&#39;entre en vigueur la nouvelle simulation de crise pour les prêts hypothécaires, imposée par le gouvernement fédéral dès le début de 2018. Depuis, cette simulation pèse sur les ventes à divers degrés, dans tous les marchés de l&#39;habitation au Canada, et elle continuera ainsi cette année. Vu la nature locale du marché immobilier, les courtiers et agents membres de l&#39;ACI continuent d&#39;être votre meilleure source d&#39;information et votre meilleur guide au moment de négocier l&#39;achat ou la vente d&#39;une maison en cette période de transition », précise-t-elle.</p><p>« La Banque du Canada a récemment déclaré qu&#39;elle s&#39;attendait à ce que les ventes demeurent au ralenti, tandis que les ménages s&#39;ajustent à cette nouvelle simulation de crise et aux augmentations de taux d&#39;intérêt hypothécaire, et ce, même si les emplois et les salaires continuent d&#39;augmenter », mentionne Gregory Klump, économiste en chef de l&#39;ACI. « En fait, les prévisions économiques de la Banque montrent qu&#39;elle s&#39;attend à ce que le marché du logement nuise à la croissance économique cette année, puisque la simulation de crise a poussé l&#39;accession à la propriété hors d&#39;atteinte pour certains acheteurs de propriété, » ajoute-t-il.</p><p>Le nombre de nouvelles inscriptions est demeuré sensiblement le même (+ 0,2 %), de novembre à décembre, des déclins dans près de la moitié de tous les marchés locaux compensant des gains dans les autres marchés.</p><p>Étant donné que les ventes ont baissé et que les nouvelles inscriptions sont demeurées stables en décembre, le ratio national des ventes par rapport aux nouvelles inscriptions a baissé légèrement pour s&#39;établir à 53,3 %, par rapport à 54,8 % en novembre. Cette mesure de l&#39;équilibre du marché se maintient près de sa moyenne à long terme de 53,5 % depuis le début de 2018.</p><p>Le degré auquel l&#39;équilibre du marché actuel est au-dessus ou en dessous de sa moyenne à long terme et la durée de ces périodes constituent la meilleure façon d&#39;évaluer si les conditions locales favorisent l&#39;acheteur ou le propriétaire-vendeur. Les mesures de l&#39;équilibre du marché qui se situent à l&#39;intérieur d&#39;un écart type de la moyenne à long terme indiquent d&#39;habitude l&#39;équilibre des conditions du marché.</p><p>La comparaison du ratio des ventes par rapport aux nouvelles inscriptions à la moyenne à long terme montre qu&#39;environ les deux tiers de tous les marchés locaux étaient en équilibre en décembre 2018.</p><p>Le nombre de mois d&#39;inventaire, une autre importante mesure de l&#39;équilibre entre l&#39;offre et la demande, désigne le nombre de mois qu&#39;il faudrait compter pour vendre l&#39;inventaire actuel au taux de ventes actuel.</p><p>On comptait 5,6 mois d&#39;inventaire à l&#39;échelle nationale à la fin de décembre 2018. Même si ce chiffre correspond presque exactement à la moyenne nationale à long terme pour cette mesure, soit 5,3 mois, le nombre de mois d&#39;inventaire dépasse largement la moyenne à long terme dans les provinces des Prairies, ainsi qu&#39;à Terre-Neuve-et-Labrador. À titre comparatif, la mesure demeure bien en deçà de sa moyenne à long terme, en Ontario et à l&#39;Île-du-Prince-Édouard. Dans les autres provinces, les ventes et l&#39;inventaire sont plus équilibrés.</p><p>L&#39;Indice des prix des propriétés MLS® (IPP MLS®) global et composé a grimpé de 1,6 % d&#39;une année à l&#39;autre en décembre 2018. L&#39;augmentation est plus faible que les gains enregistrés d&#39;une année à l&#39;autre depuis juillet, mais elle demeure largement semblable.</p><p>Les appartements ont affiché les hausses de prix les plus importantes d&#39;une année à l&#39;autre en décembre (+4,9 %), suivis des maisons en rangée (+3,1 %). Par ailleurs, les prix des maisons à deux étages ont légèrement augmenté (+0,4 %), tandis que ceux des maisons unifamiliales à un étage ont légèrement baissé (-0,3 %).\n</p>"}},"contentC":{"childContentfulRichText":{"html":"<p>Les tendances continuent de varier grandement au sein des 17 marchés immobiliers suivis par l&#39;IPP MLS®. Les résultats sont variés en Colombie-Britannique. D&#39;une année à l&#39;autre, les prix des maisons sont maintenant en baisse dans le Grand Vancouver (-2,7 %), mais demeurent au-dessus des niveaux notés l&#39;année dernière dans la vallée du Fraser (+2,5 %). Simultanément, on a noté des gains d&#39;une année à l&#39;autre dans les prix à Victoria (+6,4 %) et ailleurs sur l&#39;île de Vancouver (+11 %).</p><p>Dans les marchés résidentiels du Grand Golden Horseshoe suivis par l&#39;Indice, les prix des propriétés de référence étaient en hausse par rapport à l&#39;année précédente à Guelph (+6,8 %), dans la région de Niagara (+6,8 %), à Hamilton-Burlington (+6,4 %), à Oakville-Milton (+3,3 %) et dans le Grand Toronto (+3 %). Le prix des maisons demeure légèrement sous les niveaux de l&#39;année précédente dans Barrie &amp; District (-1,1 %).</p><p>Dans les Prairies, où l&#39;offre de maisons à vendre est généralement plus élevée que la demande, les prix des propriétés de référence sont demeurés inférieurs à ceux de l&#39;an dernier à Calgary (-3,2 %), à Edmonton (-2 %), à Regina (-5,2 %) et à Saskatoon (-1,2 %). Le prix des maisons demeurera vraisemblablement faible dans ces marchés de l&#39;habitation, jusqu&#39;à ce que l&#39;offre élevée diminue et devienne plus équilibrée par rapport à la demande.</p><p>Les prix des propriétés ont augmenté de 6,9 % d&#39;une année à l&#39;autre à Ottawa (poussés par une hausse de 8,3 % du prix des maisons en rangée), de 6 % dans le Grand Montréal (poussés par une hausse de 9,1 % du prix des maisons en rangée) et de 2,5 % dans le Grand Moncton (poussés par une hausse de 12,2 % du prix des maisons en rangée). (Tableau 1)</p><p>L&#39;IPP MLS® est le meilleur moyen d&#39;évaluer les tendances des prix, puisque la moyenne des prix est sujette à de fortes distorsions occasionnées par les fluctuations qui surviennent dans la composition des ventes d&#39;un mois à l&#39;autre.</p><p>Le prix moyen réel (non désaisonnalisé) des maisons vendues au pays en décembre 2018 dépassait légèrement 472 000 $, soit une baisse de 4,9 % par rapport à la même période l&#39;année précédente. Le déclin d&#39;une année à l&#39;autre reflète à quel point la hausse subite des ventes de décembre 2017, juste avant la simulation de crise pour les prêts hypothécaires, a été plus prononcée dans les marchés plus chers.</p><p>Le prix moyen national est largement faussé par les ventes dans le Grand Vancouver et le Grand Toronto, qui représentent les deux marchés les plus actifs et les plus chers au Canada. Si l&#39;on exclut ces deux marchés du calcul, le prix moyen baisse de près de 100 000 $ par rapport à la moyenne nationale (à juste un peu moins de 375 000 $).</p>"}}}},{"node":{"title":"Do not delete - Dummy post","id":"c83fc6d2-e145-5785-ba18-2e9aacf1f114","contentful_id":"4dq6QYVYMoUio8yQu4Gq4S","node_locale":"fr-CA","headline":"Do not delete - Dummy post","slug":"untitled-entry-2018-12-20-at-06-46-37","chartA":{"fixed":{"src":null,"width":null,"height":null,"srcSet":null},"fluid":{"aspectRatio":null,"srcSet":null,"src":null}},"chartB":{"fixed":{"src":null,"width":null,"height":null,"srcSet":null},"fluid":{"aspectRatio":null,"srcSet":null,"src":null}},"publishDate":"2019-01-22T00:00","mainContent":{"childMarkdownRemark":{"html":"<p>Do not delete - Dummy post</p>"}},"contentB":{"childContentfulRichText":{"html":"<p>Do not delete - Dummy post</p>"}},"contentC":{"childContentfulRichText":{"html":"<p>Do not delete - Dummy post</p>"}}}}]},"frnatltitle":{"edges":[]},"frn":{"edges":[{"node":{"title":"Confiance des consommateurs","slug":"confiance-des-consommateurs","mainContent":{"childContentfulRichText":{"html":"<p>« La Banque du Canada a récemment déclaré qu&#39;elle s&#39;attendait à ce que les ventes demeurent au ralenti, tandis que les ménages s&#39;ajustent à cette nouvelle simulation de crise et aux augmentations de taux d&#39;intérêt hypothécaire, et ce, même si les emplois et les salaires continuent d&#39;augmenter », mentionne Gregory Klump, économiste en chef de l&#39;ACI. « En fait, les prévisions économiques de la Banque montrent qu&#39;elle s&#39;attend à ce que le marché du logement nuise à la croissance économique cette année, puisque la simulation de crise a poussé l&#39;accession à la propriété hors d&#39;atteinte pour certains acheteurs de propriété, » ajoute-t-il.</p>"}},"contentful_id":"2k7dZil1MPa7B2vbqlNKlH","node_locale":"fr-CA"}},{"node":{"title":"Taux d'intérêt","slug":"taux-dinteret","mainContent":{"childContentfulRichText":{"html":"<p>Les ventes résidentielles des systèmes MLS® canadiens ont chuté de 2,5 % en décembre 2018, comparativement à novembre, atteignant leur plus faible niveau annuel depuis 2012. Les baisses mensuelles des ventes depuis septembre ont complètement retranché leur course de l&#39;été dernier pour s&#39;approcher du plus bas niveau enregistré depuis 2013.\n</p>"}},"contentful_id":"ZtDiHSNyWRJYz57YMk7aX","node_locale":"fr-CA"}},{"node":{"title":"Tendances emploi","slug":"tendances-emploi","mainContent":{"childContentfulRichText":{"html":"<p>Les ventes résidentielles des systèmes MLS® canadiens ont chuté de 2,5 % en décembre 2018, comparativement à novembre, atteignant leur plus faible niveau annuel depuis 2012. Les baisses mensuelles des ventes depuis septembre ont complètement retranché leur course de l&#39;été dernier pour s&#39;approcher du plus bas niveau enregistré depuis 2013.\n\n</p>"}},"contentful_id":"3Yj8RUXHGUebU2k1UfYnqT","node_locale":"fr-CA"}},{"node":{"title":"Au sujet de ...","slug":"fr-about","mainContent":{"childContentfulRichText":{"html":"<h3>À PROPOS DES STATISTIQUES DE L&#39;ACI</h3><p>L&#39;ACI compile et analyse plusieurs facteurs touchant le marché immobilier pour le public, les courtiers ou agents immobiliers et les gouvernements. Grâce à l&#39;information précise et actuelle que fournit l&#39;ACI :</p><ul><li><p>La population peut obtenir un instantané du marché du logement au Canada;</p></li><li><p>Les courtiers et agents immobiliers peuvent donner de judicieux conseils à leurs clients;</p></li><li><p>Les hommes et femmes politiques et les décideurs du gouvernement peuvent élaborer plus efficacement des lois et règlements.</p></li></ul><p>Au milieu de chaque mois, l&#39;ACI offre à ses membres, ainsi qu&#39;à la population en général, des données sur les reventes des mois précédents afin d&#39;informer les membres et la population.</p><h3>À PROPOS DE L&#39;ACI</h3><p>L&#39;Association canadienne de l&#39;immeuble (ACI), l&#39;une des plus importantes associations commerciales canadiennes à vocation unique, se fait le porte-parole de plus de 109 000 courtiers et agents immobiliers répartis parmi 90 chambres et associations immobilières.</p><p>Pour obtenir des renseignnements supplémentaires sur l&#39;ACI, visitez <a href=\"http://www.crea.ca/fr\">CREA.ca</a>.</p>"}},"contentful_id":"2WzwJAqfKd3QekqmJcKmli","node_locale":"fr-CA"}}]}},"pageContext":{"isCreatedByStatefulCreatePages":true,"slug":"/fr-CA/","langKey":"fr-CA"}}